compound,grouping,MW,formula,CAS,C,H,O,N,n_Benz,Cl,S,F,Si,Br,I,Combust,MRF
Methane,1.0,16.04206,CH4,,1,4,0,0,0,0,0,,,,,203.0,0.103
Ethane/Ethylene,1.5,28.05,C2H4,,2,4,0,0,0,0,0,,,,,306.0,0.191
Ethylene,1.5,28.05,C2H4,,2,4,0,0,0,0,0,,,,,306.0,0.191
Cyclopropene,1.5,40.06346,C3H4,,3,4,0,0,0,0,0,,,,,410.0,0.28
Propyne,1.5,40.0639,C3H4,,3,4,0,0,0,0,0,,,,,410.0,0.28
cyclopropane,1.1,42.079,C3H6,,3,6,0,0,0,0,0,,,,,453.0,0.318
Propane/Propylene,1.5,42.08,C3H6,,3,6,0,0,0,0,0,,,,,453.0,0.318
Propylene,1.5,42.08,C3H6,,3,6,0,0,0,0,0,,,,,453.0,0.318
Cyclobutene,1.5,54.08984,C4H6,,4,6,0,0,0,0,0,,,,,557.0,0.406
1-Butyne,1.5,54.09,C4H6,,4,6,0,0,0,0,0,,,,,557.0,0.406
2-Butyne,1.5,54.0904,C4H6,,4,6,0,0,0,0,0,,,,,557.0,0.406
Methylenecyclopropane,1.1,54.0904,C4H6,,4,6,0,0,0,0,0,,,,,557.0,0.406
"1,3-Butadiene",1.5,54.091,C4H6,,4,6,0,0,0,0,0,,,,,557.0,0.406
Cyclobutane,1.1,56.10552,C4H8,,4,8,0,0,0,0,0,,,,,601.0,0.444
Isobutene,1.5,56.106,C4H8,,4,8,0,0,0,0,0,,,,,601.0,0.444
"1-Propene, 2-methyl-",1.55,56.11,C4H8,,4,8,0,0,0,0,0,,,,,601.0,0.444
2-Butene,1.5,56.1063,C4H8,,4,8,0,0,0,0,0,,,,,601.0,0.444
1-Butene,1.5,56.11,C4H8,,4,8,0,0,0,0,0,,,,,601.0,0.444
n-butane,1.0,58.1212,C4H10,,4,10,0,0,0,0,0,,,,,644.0,0.481
Butane,1.0,58.12,C4H10,,4,10,0,0,0,0,0,,,,,644.0,0.481
Isobutane,0.9,58.122,C4H10,,4,10,0,0,0,0,0,,,,,644.0,0.481
isobutane IS,1.0,58.1222,C4H10,,4,10,0,0,0,0,0,,,,,644.0,0.481
3-Penten-1-yne,1.5,66.101,C5H6,,5,6,0,0,0,0,0,,,,,661.0,0.495
"1,3-Cyclopentadiene",1.1,66.1,C5H6,,5,6,0,0,0,0,0,,,,,661.0,0.495
"3-Penten-1-yne, (E)-",1.5,66.1011,C5H6,,5,6,0,0,0,0,0,,,,,661.0,0.495
Cyclopentadiene,1.1,66.1011,C5H6,,5,6,0,0,0,0,0,,,,,661.0,0.495
"1,3-Pentadiene, (Z)-",1.5,68.11622,C5H8,,5,8,0,0,0,0,0,,,,,704.0,0.533
"Cyclopropane, ethylidene",1.5,68.11622,C5H8,,5,8,0,0,0,0,0,,,,,704.0,0.533
"Cyclopropane, ethylidene-",1.1,68.11622,C5H8,,5,8,0,0,0,0,0,,,,,704.0,0.533
Isoprene,1.5,68.11622,C5H8,,5,8,0,0,0,0,0,,,,,704.0,0.533
"1,2-Pentadiene",1.7,68.117,C5H8,,5,8,0,0,0,0,0,,,,,704.0,0.533
cyclopentene,1.1,68.12,C5H8,,5,8,0,0,0,0,0,,,,,704.0,0.533
"1,3-Pentadiene",1.5,68.12,C5H8,,5,8,0,0,0,0,0,,,,,704.0,0.533
"1,4-Pentadiene",1.7,68.12,C5H8,,5,8,0,0,0,0,0,,,,,704.0,0.533
Bicyclopentane,1.1,68.12,C5H8,,5,8,0,0,0,0,0,,,,,704.0,0.533
Pentadiene,1.7,68.12,C5H8,,5,8,0,0,0,0,0,,,,,704.0,0.533
2-Methyl-1-butene,1.55,70.1,‎C5H10,,5,10,0,0,0,0,0,,,,,748.0,0.57
2-Pentene,1.5,70.1,C5H10,,5,10,0,0,0,0,0,,,,,748.0,0.57
"1-Butene, 3-methyl- ",1.55,70.13,C5H10,,5,10,0,0,0,0,0,,,,,748.0,0.57
"Cyclobutane, methyl-",1.1,70.1319,C5H10,,5,10,0,0,0,0,0,,,,,748.0,0.57
"Cyclopropane, 1,1-dimethyl-",1.1,70.1319,C5H10,,5,10,0,0,0,0,0,,,,,748.0,0.57
"Cyclopropane, 1,2-dimethyl-, cis-",1.1,70.1319,C5H10,,5,10,0,0,0,0,0,,,,,748.0,0.57
Cyclopentane,1.1,70.132,C5H10,,5,10,0,0,0,0,0,,,,,748.0,0.57
"1-Butene, 3-methyl-",1.55,70.13,C5H10,,5,10,0,0,0,0,0,,,,,748.0,0.57
"2-Butene, 2-methyl-",1.55,70.1329,C5H10,,5,10,0,0,0,0,0,,,,,748.0,0.57
"2-Pentene, (E)-",1.5,70.1329,C5H10,,5,10,0,0,0,0,0,,,,,748.0,0.57
"Cyclopropane, 1,2-dimethyl-",1.1,70.1329,C5H10,,5,10,0,0,0,0,0,,,,,748.0,0.57
"Cyclopropane, 1,2-dimethyl-, trans-",1.1,70.1329,C5H10,,5,10,0,0,0,0,0,,,,,748.0,0.57
"Cyclopropane, ethyl-",1.1,70.1329,C5H10,,5,10,0,0,0,0,0,,,,,748.0,0.57
1-Pentene,1.5,70.14,C5H10,,5,10,0,0,0,0,0,,,,,748.0,0.57
Tetrahydrofuran,3.0,72.11,C4H8O,,4,8,1,0,1,0,0,,,,,553.0,0.529
Pentane,1.0,72.14758,C5H12,,5,12,0,0,0,0,0,,,,,792.0,0.607
"Butane, 2-methyl-",0.9,72.148,C5H12,,5,12,0,0,0,0,0,,,,,792.0,0.607
"1,3-Hexadien-5-yne",1.5,78.11124,C6H6,,6,6,0,0,0,0,0,,,,,764.0,0.584
"1,5-Hexadiyne",1.5,78.1118,C6H6,,6,6,0,0,0,0,0,,,,,764.0,0.584
Benzene,2.0,78.11,C6H6,,6,6,0,0,1,0,0,,,,,764.0,0.711
"2-Hexen-4-yne, (E)-",1.5,80.12692,C6H8,,6,8,0,0,0,0,0,,,,,808.0,0.621
4-Methylenecyclopentene,1.1,80.12692,C6H8,,6,8,0,0,0,0,0,,,,,808.0,0.621
"1,3-Cyclohexadiene",1.1,80.127,C6H8,,6,8,0,0,0,0,0,,,,,808.0,0.621
"1,3-Cyclopentadiene, 1-methyl-",1.1,80.1277,C6H8,,6,8,0,0,0,0,0,,,,,808.0,0.621
2-Hexen-4-yne,1.5,80.1277,C6H8,,6,8,0,0,0,0,0,,,,,808.0,0.621
"3-Penten-1-yne, 3-methyl-",1.55,80.1277,C6H8,,6,8,0,0,0,0,0,,,,,808.0,0.621
"1,3-Cyclopentadiene, 5-methyl-",1.1,80.13,C6H8,,6,8,0,0,0,0,0,,,,,808.0,0.621
"1,4-Cyclohexadiene",1.5,80.13,C6H8,,6,8,0,0,0,0,0,,,,,808.0,0.621
"1,3-Pentadiene, 2-methyl-",1.55,82.14,C6H10,,6,10,0,0,0,0,0,,,,,852.0,0.659
"1,4-Pentadiene, 2-methyl-",1.55,82.14,C6H10,,6,10,0,0,0,0,0,,,,,852.0,0.659
"1,5-Hexadiene",1.7,82.14,C6H10,,6,10,0,0,0,0,0,,,,,852.0,0.659
"2,4-Hexadiene",1.7,82.14,‎C6H10,,6,10,0,0,0,0,0,,,,,852.0,0.659
" 1,4-Pentadiene, 2-methyl-",1.7,82.1426,C6H10,,6,10,0,0,0,0,0,,,,,852.0,0.659
"(Z),(Z)-2,4-Hexadiene",1.5,82.1426,C6H10,,6,10,0,0,0,0,0,,,,,852.0,0.659
"1,3-Pentadiene, 3-methyl-, (E)-",1.55,82.1426,C6H10,,6,10,0,0,0,0,0,,,,,852.0,0.659
"2,4-Hexadiene, (E,Z)-",1.5,82.1426,C6H10,,6,10,0,0,0,0,0,,,,,852.0,0.659
"4-Methyl-1,3-pentadiene",1.55,82.1426,C6H10,,6,10,0,0,0,0,0,,,,,852.0,0.659
Cyclohexene,1.1,82.1426,C6H10,,6,10,0,0,0,0,0,,,,,852.0,0.659
"Cyclopentene, 1-methyl-",1.1,82.1426,C6H10,,6,10,0,0,0,0,0,,,,,852.0,0.659
"1,3-Butadiene, 2,3-dimethyl-",1.7,82.143,C6H10,,6,10,0,0,0,0,0,,,,,852.0,0.659
"1,3-Butadiene, 2-ethyl-",1.55,82.143,C6H10,,6,10,0,0,0,0,0,,,,,852.0,0.659
"1,4-Pentadiene, 3-methyl-",1.7,82.143,C6H10,,6,10,0,0,0,0,0,,,,,852.0,0.659
"1,4-Hexadiene",1.7,82.1436,C6H10,,6,10,0,0,0,0,0,,,,,852.0,0.659
"2,4-Hexadiene, (E,E)-",1.7,82.1436,C6H10,,6,10,0,0,0,0,0,,,,,852.0,0.659
"Cyclopentane, methylene-",1.1,82.1436,C6H10,,6,10,0,0,0,0,0,,,,,852.0,0.659
"Cyclopentene, 3-methyl-",1.1,82.1436,C6H10,,6,10,0,0,0,0,0,,,,,852.0,0.659
Hexadiene,1.7,82.1436,C6H10,,6,10,0,0,0,0,0,,,,,852.0,0.659
"1-Pentene, 4-methyl-",1.55,84.15,C6H12,,6,12,0,0,0,0,0,,,,,895.0,0.696
Cyclopentane- methyl-,1.1,84.15,C6H12,,6,12,0,0,0,0,0,,,,,895.0,0.696
"1-Pentene, 2-methyl-",1.55,84.15828,C6H12,,6,12,0,0,0,0,0,,,,,895.0,0.696
"1-Pentene, 3-methyl- ",1.55,84.15828,C6H12,,6,12,0,0,0,0,0,,,,,895.0,0.696
"2-Pentene, 4-methyl-",1.55,84.15828,C6H12,,6,12,0,0,0,0,0,,,,,895.0,0.696
"2-Butene, 2,3-dimethyl-",1.55,84.159,C6H12,,6,12,0,0,0,0,0,,,,,895.0,0.696
"2-Pentene, 2-methyl-",1.55,84.159,C6H12,,6,12,0,0,0,0,0,,,,,895.0,0.696
" 2-Pentene, 3-methyl-",1.55,84.1595,C6H12,,6,12,0,0,0,0,0,,,,,895.0,0.696
"1-Pentene, 2-methyl- ",1.55,84.1595,C6H12,,6,12,0,0,0,0,0,,,,,895.0,0.696
"2-Hexene, (Z)-",1.5,84.1595,C6H12,,6,12,0,0,0,0,0,,,,,895.0,0.696
"2-Pentene, 3-methyl-",1.55,84.1595,C6H12,,6,12,0,0,0,0,0,,,,,895.0,0.696
3-Hexene,1.5,84.1595,C6H12,,6,12,0,0,0,0,0,,,,,895.0,0.696
"3-Hexene, (E)-",1.5,84.1595,C6H12,,6,12,0,0,0,0,0,,,,,895.0,0.696
"cyclopentane, methyl-",1.1,84.16,C6H12,,6,12,0,0,0,0,0,,,,,895.0,0.696
"Cyclopentane, methyl- ",1.1,84.1595,C6H12,,6,12,0,0,0,0,0,,,,,895.0,0.696
"1-Butene, 3,3-dimethyl-",1.55,84.16,C6H12,,6,12,0,0,0,0,0,,,,,895.0,0.696
"1-Pentene, 3-methyl-",1.55,84.16,C6H12,,6,12,0,0,0,0,0,,,,,895.0,0.696
2-Hexene,1.5,84.16,C6H12,,6,12,0,0,0,0,0,,,,,895.0,0.696
"Cyclobutane, ethyl",1.1,84.16,C6H12,,6,12,0,0,0,0,0,,,,,895.0,0.696
"Cyclopropane, 1-ethyl-2-methyl-, cis-",1.1,84.16,C6H12,,6,12,0,0,0,0,0,,,,,895.0,0.696
Pentene-3-Methyl,1.55,84.16,C6H12,,6,12,0,0,0,0,0,,,,,895.0,0.696
1-Hexene,1.5,84.16,C6H12,,6,12,0,0,0,0,0,,,,,895.0,0.696
Cyclohexane,1.1,84.16,C6H12,,6,12,0,0,0,0,0,,,,,895.0,0.696
"Pentane, 2-methyl-",0.9,86.17,C6H14,,6,14,0,0,1,0,0,,,,,939.0,0.861
"Butane, 2,3-dimethyl-",0.9,86.17,C6H14,,6,14,0,0,0,0,0,,,,,939.0,0.734
"Butane, 2,2-dimethyl-",0.9,86.175,C6H14,,6,14,0,0,0,0,0,,,,,939.0,0.734
"Pentane, 3-methyl-",0.9,86.1754,C6H14,,6,14,0,0,0,0,0,,,,,939.0,0.734
Hexane,1.0,86.18,C6H14,,6,14,0,0,0,0,0,,,,,939.0,0.734
n-hexane,1.0,86.18,C6H14,,6,14,0,0,0,0,0,,,,,939.0,0.734
Toluene,2.0,92.14,C7H8,,7,8,0,0,1,0,0,,,,,911.0,0.837
"1,3,5-Hexatriene, 2-methyl-",1.55,94.15,C7H10,,7,10,0,0,0,0,0,,,,,955.0,0.748
"1,3,5-Hexatriene, 3-methyl-",1.55,94.15,C7H10,,7,10,0,0,0,0,0,,,,,955.0,0.748
"1,3,6-Heptatriene",1.7,94.15,C7H10,,7,10,0,0,0,0,0,,,,,955.0,0.748
"1-Methylcyclohexa-1,3-diene",1.1,94.15,C7H10,,7,10,0,0,0,0,0,,,,,955.0,0.748
"1-Methylcyclohexa-2,4-diene",1.1,94.15,C7H10,,7,10,0,0,0,0,0,,,,,955.0,0.748
"1,3,5-Hexatriene, 3-methyl-, (Z)-",1.55,94.1533,C7H10,,7,10,0,0,0,0,0,,,,,955.0,0.748
"1,5-Hexadien-3-yne",1.5,94.1533,C7H10,,7,10,0,0,0,0,0,,,,,955.0,0.748
3-Methylenecyclohexene,1.1,94.154,C7H10,,7,10,0,0,0,0,0,,,,,955.0,0.748
"1,3,5-Heptatriene",1.1,94.1543,C7H10,,7,10,0,0,0,0,0,,,,,955.0,0.748
"1,3-Cyclopentadiene, 5,5-dimethyl-",1.1,94.1543,C7H10,,7,10,0,0,0,0,0,,,,,955.0,0.748
"1,4-Cyclohexadiene, 1-methyl-",1.1,94.1543,C7H10,,7,10,0,0,0,0,0,,,,,955.0,0.748
" Cyclohexane, methylene-",1.1,96.16898,C7H12,,7,12,0,0,0,0,0,,,,,999.0,0.785
" Cyclopentane, 1-methyl-2-methylene-",1.1,96.16898,C7H12,,7,12,0,0,0,0,0,,,,,999.0,0.785
"1,6-Heptadiene",1.7,96.16898,C7H12,,7,12,0,0,0,0,0,,,,,999.0,0.785
"2,3-Hexadiene, 2-methyl-",1.55,96.16898,C7H12,,7,12,0,0,0,0,0,,,,,999.0,0.785
2-Heptyne,1.5,96.16898,C7H12,,7,12,0,0,0,0,0,,,,,999.0,0.785
"3,5-Dimethylcyclopentene",1.1,96.16898,C7H12,,7,12,0,0,0,0,0,,,,,999.0,0.785
3-Heptyne,1.5,96.16898,C7H12,,7,12,0,0,0,0,0,,,,,999.0,0.785
"Cyclobutane, (1-methylethylidene)-",1.1,96.16898,C7H12,,7,12,0,0,0,0,0,,,,,999.0,0.785
"Cyclohexane, methylene",1.1,96.16898,C7H12,,7,12,0,0,0,0,0,,,,,999.0,0.785
"Cyclohexene, 4-methyl-",1.1,96.17,C7H12,,7,12,0,0,0,0,0,,,,,999.0,0.785
"Cyclopentane, 1-methyl-2-methylene-",1.1,96.16898,C7H12,,7,12,0,0,0,0,0,,,,,999.0,0.785
"Cyclopentene, 1,5-dimethyl-",1.1,96.17,C6H12,,7,12,0,0,0,0,0,,,,,999.0,0.785
Heptadiene,1.7,96.16898,‎C7H12,,7,12,0,0,0,0,0,,,,,999.0,0.785
"1,3-Pentadiene, 3-methyl-",1.55,96.17,C7H12,,7,12,0,0,0,0,0,,,,,999.0,0.785
"1,4-Hexadiene, 2-methyl-",1.55,96.17,C7H12,,7,12,0,0,0,0,0,,,,,999.0,0.785
"1,5-Heptadiene",1.7,96.17,C7H12,,7,12,0,0,0,0,0,,,,,999.0,0.785
"1,5-Hexadiene, 2-methyl-",1.7,96.17,C7H12,,7,12,0,0,0,0,0,,,,,999.0,0.785
1-Heptyne,1.5,96.17,C7H12,,7,12,0,0,0,0,0,,,,,999.0,0.785
Cycloheptene,1.1,96.17,C7H12,,7,12,0,0,0,0,0,,,,,999.0,0.785
"Cyclohexene, 1-methyl-",1.1,96.17,C7H12,,7,12,0,0,0,0,0,,,,,999.0,0.785
"Cyclohexene, 2-Methyl",1.1,96.17,C7H12,,7,12,0,0,0,0,0,,,,,999.0,0.785
" 1,4-Hexadiene, 2-methyl-",1.55,96.1702,C7H12,,7,12,0,0,0,0,0,,,,,999.0,0.785
"1,3-Pentadiene, 2,3-dimethyl-",1.7,96.1702,C7H12,,7,12,0,0,0,0,0,,,,,999.0,0.785
"1,3-Pentadiene, 2,4-dimethyl-",1.55,96.1702,C7H12,,7,12,0,0,0,0,0,,,,,999.0,0.785
"1,4-Hexadiene, 4-methyl",1.55,96.1702,C7H12,,7,12,0,0,0,0,0,,,,,999.0,0.785
"1,4-Hexadiene, 4-methyl-",1.55,96.1702,C7H12,,7,12,0,0,0,0,0,,,,,999.0,0.785
"2,4-Dimethyl 1,4-pentadiene",1.55,96.1702,C7H12,,7,12,0,0,0,0,0,,,,,999.0,0.785
"2,4-Hexadiene, 2-methyl-",1.55,96.1702,C7H12,,7,12,0,0,0,0,0,,,,,999.0,0.785
"Cyclohexane, methylene-",1.1,96.1702,C10H12,,7,12,0,0,0,0,0,,,,,999.0,0.785
"Cyclohexene, 3-methyl-",1.1,96.1702,C7H12,,7,12,0,0,0,0,0,,,,,999.0,0.785
"Cyclohexene, 4-methyl",1.1,96.1702,C7H12,,7,12,0,0,0,0,0,,,,,999.0,0.785
"Cyclopentene, 4,4-dimethyl-",1.1,96.1702,C7H12,,7,12,0,0,0,0,0,,,,,999.0,0.785
Vinylcyclopentane,1.1,96.1702,C7H12,,7,12,0,0,0,0,0,,,,,999.0,0.785
3.5-Dimethylcyclopentene,1.1,96.2,‎C7H12,,7,12,0,0,0,0,0,,,,,999.0,0.785
"3-Hexene, 3-methyl-",1.55,98.18,C7H14,,7,14,0,0,0,0,0,,,,,1042.0,0.822
"Cyclohexane, methyl-",1.1,98.18,C7H14,,7,14,0,0,0,0,0,,,,,1042.0,0.822
"1-Hexene, 3-methyl-",1.55,98.18466,C7H14,,7,14,0,0,0,0,0,,,,,1042.0,0.822
"1-Hexene, 5-methyl-",1.55,98.18466,C7H14,,7,14,0,0,0,0,0,,,,,1042.0,0.822
"1-Pentene, 2,3-dimethyl-",1.55,98.18,C7H14,,7,14,0,0,0,0,0,,,,,1042.0,0.822
"1-Pentene, 2,4-dimethyl-",1.55,98.18466,C7H14,,7,14,0,0,0,0,0,,,,,1042.0,0.822
"2-Heptene, (E)-",1.5,98.18466,C7H14,,7,14,0,0,0,0,0,,,,,1042.0,0.822
"2-Hexene, 3-methyl-",1.55,98.18,C7H14,,7,14,0,0,0,0,0,,,,,1042.0,0.822
"2-Hexene, 4-methyl-",1.55,98.18,C7H14,,7,14,0,0,0,0,0,,,,,1042.0,0.822
"2-Pentene, 3,4-dimethyl-",1.55,98.18,C7H14,,7,14,0,0,0,0,0,,,,,1042.0,0.822
Cycloheptane,1.1,98.18466,C7H14,,7,14,0,0,0,0,0,,,,,1042.0,0.822
"Cyclohexane, methyl- ",1.1,98.18,C7H14,,7,14,0,0,0,0,0,,,,,1042.0,0.822
"Cyclopentane, 1,1-dimethyl-",1.1,98.18,C7H14,,7,14,0,0,0,0,0,,,,,1042.0,0.822
"Cyclopentane, 1,3-dimethyl-",1.1,98.18466,C7H14,,7,14,0,0,0,0,0,,,,,1042.0,0.822
"1-Butene, 2-ethyl-3-methyl-",1.55,98.186,C7H14,,7,14,0,0,0,0,0,,,,,1042.0,0.822
1-Heptene,1.5,98.19,C7H14,,7,14,0,0,0,0,0,,,,,1042.0,0.822
"2-Pentene, 2,4-dimethyl-",1.55,98.186,C7H14,,7,14,0,0,0,0,0,,,,,1042.0,0.822
"2-Pentene, 3-ethyl-",1.55,98.186,C7H14,,7,14,0,0,0,0,0,,,,,1042.0,0.822
3-Heptene,1.5,98.186,C7H14,,7,14,0,0,0,0,0,,,,,1042.0,0.822
3-Methyl-3-hexene,1.55,98.186,C7H14,,7,14,0,0,0,0,0,,,,,1042.0,0.822
"Cyclopentane, 1,2-dimethyl-",1.1,98.186,C7H14,,7,14,0,0,0,0,0,,,,,1042.0,0.822
"1-Pentene, 3-ethyl-",1.55,98.1861,C7H14,,7,14,0,0,0,0,0,,,,,1042.0,0.822
2-Heptene,1.5,98.1861,C7H14,,7,14,0,0,0,0,0,,,,,1042.0,0.822
"2-Hexene, 3-methyl-, (Z)-",1.55,98.1861,C7H14,,7,14,0,0,0,0,0,,,,,1042.0,0.822
"2-Hexene, 5-methyl-",1.55,98.1861,C7H14,,7,14,0,0,0,0,0,,,,,1042.0,0.822
"2-Pentene, 4,4-dimethyl-",1.55,98.1861,C7H14,,7,14,0,0,0,0,0,,,,,1042.0,0.822
3-Methyl-2-hexene,1.55,98.1861,C7H14,,7,14,0,0,0,0,0,,,,,1042.0,0.822
"Cyclopentane, 1,3-dimethyl",1.1,98.1861,C7H14,,7,14,0,0,0,0,0,,,,,1042.0,0.822
"Cyclopentane, ethyl-",1.1,98.1861,C7H14,,7,14,0,0,0,0,0,,,,,1042.0,0.822
"1-Hexene, 2-methyl-",1.55,98.19,C7H14,,7,14,0,0,0,0,0,,,,,1042.0,0.822
"1-Hexene, 2--methyl-",1.55,98.19,C7H14,,7,14,0,0,0,0,0,,,,,1042.0,0.822
"Hex-2-ene, 5-methyl-",1.55,98.19,C7H14,,7,14,0,0,0,0,0,,,,,1042.0,0.822
"Hexane, 3-methyl-",0.9,100.201,C7H16,,7,16,0,0,0,0,0,,,,,1086.0,0.86
"Pentane, 2,4-dimethyl-",1.55,100.201,C7H16,,7,16,0,0,0,0,0,,,,,1086.0,0.86
Heptane,1.0,100.2,C7H16,,7,16,0,0,0,0,0,,,,,1086.0,0.86
"Hexane, 2-methyl-",1.55,100.2019,C7H16,,7,16,0,0,0,0,0,,,,,1086.0,0.86
Styrene,2.0,104.15,C8H8,,8,8,0,0,0,0,0,,,,,1015.0,0.799
"Benzene, 1,3-dimethyl-",2.0,106.17,C8H10,,8,10,0,0,1,0,0,,,,,1059.0,0.963
"Benzene, 1,4-dimethyl-",2.0,106.165,C8H10,,8,10,0,0,0,0,0,,,,,1059.0,0.836
"Benzene, 1-3-dimethyl",2.0,106.165,C8H10,,8,10,0,0,1,0,0,,,,,1059.0,0.963
Ethylbenzene,2.0,106.17,C8H10,,8,10,0,0,1,0,0,,,,,1059.0,0.963
o-Xylene,2.0,106.165,C8H10,,8,10,0,0,1,0,0,,,,,1059.0,0.963
p-Xylene,2.0,106.165,C8H10,,8,10,0,0,1,0,0,,,,,1059.0,0.963
"2,3-Dimethyl-cyclohexa-1,3-diene",1.1,108.18,C8H12,,8,12,0,0,0,0,0,,,,,1102.0,0.874
"Cyclohexane, ethylidene-",,108.18,C8H12,,8,12,0,0,0,0,0,,,,,1102.0,0.874
Cyclohexenem 4-ethenyl-,1.1,108.18,C8H12,,8,12,0,0,0,0,0,,,,,1102.0,0.874
" 2,4-Hexadiene, 2,3-dimethyl-",1.55,110.19536,C8H14,,8,14,0,0,0,0,0,,,,,1146.0,0.911
"1,3-Dimethyl-1-cyclohexene",1.1,110.19536,C8H14,,8,14,0,0,0,0,0,,,,,1146.0,0.911
"1,4-Pentadiene, 2,3,3-trimethyl-",1.55,110.19536,C8H14,,8,14,0,0,0,0,0,,,,,1146.0,0.911
"1,4-Pentadiene, 2,3,3-trimethyl- ",1.55,110.19536,C8H14,,8,14,0,0,0,0,0,,,,,1146.0,0.911
1-Ethyl-5-methylcyclopentene,1.1,110.19536,C8H14,,8,14,0,0,0,0,0,,,,,1146.0,0.911
"4-Methyl-1,4-heptadiene",1.55,110.2,C8H14,,8,14,0,0,0,0,0,,,,,1146.0,0.911
"5,5-Dimethyl-1,3-hexadiene",1.55,110.19536,C8H14,,8,14,0,0,0,0,0,,,,,1146.0,0.911
Cis-bicyclo[4.2.0]octane,1.1,110.19536,C8H14,,8,14,0,0,0,0,0,,,,,1146.0,0.911
"Cyclohexene, 1,2-dimethyl-",1.1,110.2,C8H14,,8,14,0,0,0,0,0,,,,,1146.0,0.911
"Cyclohexene, 1,4-dimethyl-",1.1,110.2,C8H14,,8,14,0,0,0,0,0,,,,,1146.0,0.911
"Cyclohexene, 1-ethyl-",1.1,110.19536,C8H14,,8,14,0,0,0,0,0,,,,,1146.0,0.911
Octadiene,1.7,110.19536,C8H14,,8,14,0,0,0,0,0,,,,,1146.0,0.911
"1,4-Hexadiene, 2,3-dimethyl-",1.7,110.196,C8H14,,8,14,0,0,0,0,0,,,,,1146.0,0.911
"1,3-Octadiene",1.7,110.1968,C8H14,,8,14,0,0,0,0,0,,,,,1146.0,0.911
"1,4-Heptadiene, 3-methyl-",1.55,110.1968,C8H14,,8,14,0,0,0,0,0,,,,,1146.0,0.911
"1,4-Hexadiene, 3-ethyl-",1.55,110.1968,C8H14,,8,14,0,0,0,0,0,,,,,1146.0,0.911
"1,4-Octadiene",1.7,110.1968,C8H14,,8,14,0,0,0,0,0,,,,,1146.0,0.911
1-Octyne,1.5,110.1968,C8H14,,8,14,0,0,0,0,0,,,,,1146.0,0.911
"2,4-Hexadiene, 2,5-dimethyl-",1.55,110.1968,C8H14,,8,14,0,0,0,0,0,,,,,1146.0,0.911
"Cyclohexane, 1-methyl-4-methylene-",1.1,110.1968,C8H14,,8,14,0,0,0,0,0,,,,,1146.0,0.911
"Cyclohexene, 3,5-dimethyl-",1.1,110.1968,C8H14,,8,14,0,0,0,0,0,,,,,1146.0,0.911
"Cyclopentene, 1,2,3-trimethyl-",1.1,110.1968,C8H14,,8,14,0,0,0,0,0,,,,,1146.0,0.911
Methyl ethyl cyclopentene,1.1,110.1968,C8H14,,8,14,0,0,0,0,0,,,,,1146.0,0.911
"1,6-Heptadiene, 3-methyl-",1.55,110.2,C8H14,,8,14,0,0,0,0,0,,,,,1146.0,0.911
"1,7-Octadiene",1.7,110.2,C8H14,,8,14,0,0,0,0,0,,,,,1146.0,0.911
1-Methyl-2-methylenecyclohexane,1.1,110.2,C8H14,,8,14,0,0,0,0,0,,,,,1146.0,0.911
"Cyclohexene, 1,6-dimethyl-",1.1,110.2,	C8H14,,8,14,0,0,0,0,0,,,,,1146.0,0.911
C8H16 isomers,1.5,112.2,C8H16,,8,16,0,0,0,0,0,,,,,1190.0,0.949
"2-Heptene, 4-methyl-",1.55,112.21,C8H16,,8,16,0,0,0,0,0,,,,,1190.0,0.949
"2-Hexene, 3,5-dimethyl-",1.55,112.21,C8H16,,8,16,0,0,0,0,0,,,,,1190.0,0.949
2-Methyl-2-heptene,1.55,112.21,C8H16,,8,16,0,0,0,0,0,,,,,1190.0,0.949
"3-Hexene, 2,3-dimethyl-",1.55,112.21,C8H16,,8,16,0,0,0,0,0,,,,,1190.0,0.949
"Cyclohexane, ethyl-",1.1,112.21,C8H16,,8,16,0,0,0,0,0,,,,,1190.0,0.949
"Cyclopentane, 1,2,4-trimethyl-",1.1,112.21,C8H16,,8,16,0,0,0,0,0,,,,,1190.0,0.949
"-Hexene, 2,3-dimethyl-",1.55,112.21,C8H16,,8,16,0,0,0,0,0,,,,,1190.0,0.949
"2,4-Dimethyl-1-hexene",1.55,112.21,C8H16,,8,16,0,0,0,0,0,,,,,1190.0,0.949
"2-Heptene, 5-methyl-",1.55,112.21104,C8H16,,8,16,0,0,0,0,0,,,,,1190.0,0.949
"2-Heptene, 6-methyl-",1.55,112.21104,C8H16,,8,16,0,0,0,0,0,,,,,1190.0,0.949
"2-Hexene, 2,3-dimethyl-",1.55,112.21104,C8H16,,8,16,0,0,0,0,0,,,,,1190.0,0.949
"2-Hexene, 2,4-dimethyl-",1.55,112.21,C8H16,,8,16,0,0,0,0,0,,,,,1190.0,0.949
"2-Hexene, 5,5-dimethyl-",1.55,112.21104,C8H16,,8,16,0,0,0,0,0,,,,,1190.0,0.949
"3-Heptene, 3-methyl-",1.55,112.21,C8H16,,8,16,0,0,0,0,0,,,,,1190.0,0.949
"3-Hexene, 3,4-dimethyl-",1.55,112.21104,C8H16,,8,16,0,0,0,0,0,,,,,1190.0,0.949
"Cyclopentane, 1,1,3-trimethyl-",1.1,112.21,C8H16,,8,16,0,0,0,0,0,,,,,1190.0,0.949
"Cyclopentane, 1-ethyl-3-methyl-",1.1,112.21104,C8H16,,8,16,0,0,0,0,0,,,,,1190.0,0.949
"Hexane, 2-methyl-4-methylene-",1.55,112.21104,C8H16,,8,16,0,0,0,0,0,,,,,1190.0,0.949
"1-Heptene, 4-methyl-",1.55,112.212,C8H16,,8,16,0,0,0,0,0,,,,,1190.0,0.949
Octene,1.5,112.21,C8H16,,8,16,0,0,0,0,0,,,,,1190.0,0.949
1-Octene,1.5,112.21,C8H16,,8,16,0,0,0,0,0,,,,,1190.0,0.949
2-Octene,1.5,112.21,C8H16,,8,16,0,0,0,0,0,,,,,1190.0,0.949
"3-Heptene, 4-methyl-",1.55,112.2126,C8H16,,8,16,0,0,0,0,0,,,,,1190.0,0.949
3-Octene,1.55,112.2126,C8H16,,8,16,0,0,0,0,0,,,,,1190.0,0.949
4-Octene,1.5,112.2126,C8H16,,8,16,0,0,0,0,0,,,,,1190.0,0.949
"Cyclohexane, 1,2-dimethyl-",1.1,112.2126,C8H16,,8,16,0,0,0,0,0,,,,,1190.0,0.949
"Cyclopentane, 1-ethyl-2-methyl-",1.1,112.2126,C8H16,,8,16,0,0,0,0,0,,,,,1190.0,0.949
"Cyclopentane, 1-ethyl-3-methyl-, cis-",1.1,112.2126,C8H16,,8,16,0,0,0,0,0,,,,,1190.0,0.949
"Heptane, 3-methylene-",1.55,112.2126,C8H16,,8,16,0,0,0,0,0,,,,,1190.0,0.949
"trans-4,4-Dimethyl-2-hexene",1.55,112.2126,C8H16,,8,16,0,0,0,0,0,,,,,1190.0,0.949
Caprolactam,3.5,113.16,C6H11NO,,6,11,1,1,0,0,0,,,,,833.0,0.643
"Heptane, 4-methyl-",0.9,114.22,C8H18,,8,18,0,0,1,0,0,,,,,1233.0,1.113
"Heptane, 3-methyl",0.9,114.22672,C8H18,,8,18,0,0,0,0,0,,,,,1233.0,0.986
"Heptane, 3-methyl-",0.9,114.23,C8H18,,8,18,0,0,0,0,0,,,,,1233.0,0.986
"Hexane, 2,4-dimethyl-",0.9,114.23,C8H18,,8,18,0,0,0,0,0,,,,,1233.0,0.986
"Hexane, 2,5-dimethyl-",0.9,114.22672,C8H18,,8,18,0,0,0,0,0,,,,,1233.0,0.986
C8H18 iso-paraffins,0.9,114.23,C8H18,,8,18,0,0,0,0,0,,,,,1233.0,0.986
"Heptane, 2-methyl-",0.9,114.2285,C8H18,,8,18,0,0,0,0,0,,,,,1233.0,0.986
"Hexane, 3-ethyl-",0.9,114.2285,C8H18,,8,18,0,0,0,0,0,,,,,1233.0,0.986
Octane,1.0,114.23,C8H18,,8,18,0,0,0,0,0,,,,,1233.0,0.986
3-Methylphenlacetylene,2.0,116.16,C9H8,,9,8,0,0,1,0,0,,,,,1119.0,1.015
Indene,2.0,116.15902,C9H8,,9,8,0,0,1,0,0,,,,,1119.0,1.015
2-Methylphenylacetylene,2.0,116.1598,C9H8,,9,8,0,0,1,0,0,,,,,1119.0,1.015
"1-Propyne, 3-phenyl-",2.0,116.16,C9H8,,9,8,0,0,1,0,0,,,,,1119.0,1.015
(Z)-1-Phenylpropene,2.0,118.17,C9H10,,9,10,0,0,0,0,0,,,,,1162.0,0.925
Indane,2.0,118.1747,C9H10,,9,10,0,0,1,0,0,,,,,1162.0,1.052
α-Methylstyrene,2.0,118.1747,C9H10,,9,10,0,0,1,0,0,,,,,1162.0,1.052
"Benzene, 1-ethenyl-2-methyl-",2.0,118.18,C9H10,,9,10,0,0,1,0,0,,,,,1162.0,1.052
"Benzene, 1-ethenyl-3-methyl-",2.0,118.18,C9H10,,9,10,0,0,1,0,0,,,,,1162.0,1.052
"Benzene, 2-propenyl-",2.0,118.1757,C9H10,,9,10,0,0,1,0,0,,,,,1162.0,1.052
alpha-Methylstyrene,2.0,118.18,C9H10,,9,10,0,0,1,0,0,,,,,1162.0,1.052
"Benzene, 1,2,4-trimethyl-",2.0,120.19038,C9H12,,9,12,0,0,1,0,0,,,,,1206.0,1.089
"Benzene, 1-ethyl-3-methyl-",2.0,120.19038,C9H12,,9,12,0,0,1,0,0,,,,,1206.0,1.089
"Benzene, 1-ethyl-4-methyl-",2.0,120.19038,C9H12,,9,12,0,0,1,0,0,,,,,1206.0,1.089
"Benzene, (1-methylethyl)-",2.0,120.191,C9H12,,9,12,0,0,0,0,0,,,,,1206.0,0.962
Mesitylene,2.0,120.191,C9H12,,9,12,0,0,1,0,0,,,,,1206.0,1.089
"Benzene, 1,2,3-trimethyl-",2.0,120.1916,C9H12,,9,12,0,0,0,0,0,,,,,1206.0,0.962
"Benzene, 1,2,4-trimethyl- ",2.0,120.1916,C9H12,,9,12,0,0,0,0,0,,,,,1206.0,0.962
"Benzene, 1-ethyl-2-methyl-",2.0,120.19,C9H12,,9,12,0,0,1,0,0,,,,,1206.0,1.089
"Benzene, propyl-",2.0,120.19,C9H12,,9,12,0,0,1,0,0,,,,,1206.0,1.089
"Benzaldehyde, oxime, (Z)-",3.5,121.136, C7H7NO,,7,7,1,1,1,0,0,,,,,849.0,0.783
"1,7-Octadiene, 3-methylene-",1.7,122.20606,C9H14,,9,14,0,0,0,0,0,,,,,1250.0,1.0
"1,6-Dimethylhepta-1,3,5-triene",1.55,122.2075,C9H14,,9,14,0,0,0,0,0,,,,,1250.0,1.0
"1,8-Nonadiene",1.7,124.22,C9H16,,9,16,0,0,0,0,0,,,,,1293.0,1.037
"Cyclohexane, 1,3-dimethyl-2-methylene-",1.1,124.22,C9H16,,9,16,0,0,0,0,0,,,,,1293.0,1.037
"Cyclohexane, 2-propenyl-",1.1,124.22,C9H16,,9,16,0,0,0,0,0,,,,,1293.0,1.037
"Cyclohexene, 3,3,5-trimethyl-",1.1,124.22,C9H16,,9,16,0,0,0,0,0,,,,,1293.0,1.037
"Cyclohexene,3-propyl-",1.1,124.22,C9H16,,9,16,0,0,0,0,0,,,,,1293.0,1.037
" Cyclohexene, 3,3,5-trimethyl-",1.1,124.22174,C9H16,,9,16,0,0,0,0,0,,,,,1293.0,1.037
"1,1-Dimethyl-4-methylenecyclohexane",1.1,124.22174,C9H16,,9,16,0,0,0,0,0,,,,,1293.0,1.037
"1,3-Heptadiene, 5,5-dimethyl-",1.55,124.22174,C9H16,,9,16,0,0,0,0,0,,,,,1293.0,1.037
"1,3-Hexadiene, 2,3,5-trimethyl-",1.55,124.22174,	C9H16,,9,16,0,0,0,0,0,,,,,1293.0,1.037
1-Methylcyclooctene,1.1,124.22174,C9H16,,9,16,0,0,0,0,0,,,,,1293.0,1.037
1-Nonyne,1.5,124.22,C9H16,,9,16,0,0,0,0,0,,,,,1293.0,1.037
"2,4-Heptadiene, 2,4-dimethyl-",1.55,124.22,C9H16,,9,16,0,0,0,0,0,,,,,1293.0,1.037
"3-Octyne, 7-methyl-",1.55,124.22,C9H16,,9,16,0,0,0,0,0,,,,,1293.0,1.037
"cis-1,4-Dimethyl-2-methylenecyclohexane",1.1,124.22,C9H16,,9,16,0,0,0,0,0,,,,,1293.0,1.037
"Cycloheptene, 1,2-dimethyl-",1.1,124.22174,C9H16,,9,16,0,0,0,0,0,,,,,1293.0,1.037
"Cyclohexane, (1-methylethylidene)-",1.1,124.22,C9H16,,9,16,0,0,0,0,0,,,,,1293.0,1.037
"Cyclohexene,1-propyl-",1.1,124.22174,C9H16,,9,16,0,0,0,0,0,,,,,1293.0,1.037
"Cyclopentane, (2-methyl-1-propenyl)-",1.1,124.22,C9H16,,9,16,0,0,0,0,0,,,,,1293.0,1.037
"Cyclopentane, 1-methyl-2-(2-propenyl)-",1.1,124.22174,C9H16,,9,16,0,0,0,0,0,,,,,1293.0,1.037
"Cyclopentane, 2-ethylidene-1,1-dimethyl-",1.1,124.22174,C9H16,,9,16,0,0,0,0,0,,,,,1293.0,1.037
"Cyclopentane,1-methyl-2-(2-propenyl)-",1.1,124.22174,C9H16,,9,16,0,0,0,0,0,,,,,1293.0,1.037
Nonadiene,1.7,124.22174,C9H16,,9,16,0,0,0,0,0,,,,,1293.0,1.037
"Cyclopentane, 1-methyl-2-(2-propenyl)-, trans-",1.1,124.223,C9H16,,9,16,0,0,0,0,0,,,,,1293.0,1.037
"Cyclopentene, 1-butyl-",1.1,124.223,C9H16,,9,16,0,0,0,0,0,,,,,1293.0,1.037
C9H16,1.5,124.2233,C9H16,,9,16,0,0,0,0,0,,,,,1293.0,1.037
"2,4-Dimethyl-1-heptene",1.55,126.23,C9H18,,9,18,0,0,0,0,0,,,,,1337.0,1.075
4-Nonene,1.5,126.23,C9H18,,9,18,0,0,0,0,0,,,,,1337.0,1.075
C9H18 isomers,1.5,126.23,C9H18,,9,18,0,0,0,0,0,,,,,1337.0,1.075
"Cyclohexane, 1-ethyl-2-methyl-",1.1,126.23,C9H18,,9,18,0,0,0,0,0,,,,,1337.0,1.075
2-Nonene,1.5,126.23742,C9H18,,9,18,0,0,0,0,0,,,,,1337.0,1.075
3-Nonene,1.5,126.24,C9H18,,9,18,0,0,0,0,0,,,,,1337.0,1.075
C9 isoolefins,1.5,126.24,C9H18,,9,18,0,0,0,0,0,,,,,1337.0,1.075
cis-2-Nonene,1.5,126.24,C9H18,,9,18,0,0,0,0,0,,,,,1337.0,1.075
trans-7-Methyl-3-octene,1.55,126.23742,C9H18,,9,18,0,0,0,0,0,,,,,1337.0,1.075
" Cyclohexane, 1,2,3-trimethyl-, (1α,2β,3α)-",1.1,126.2392,C9H18,,9,18,0,0,0,0,0,,,,,1337.0,1.075
"1-Octene, 4-methyl-",1.55,126.2392,C9H18,,9,18,0,0,0,0,0,,,,,1337.0,1.075
"3-Heptene, 2,6-dimethyl-",1.55,126.2392,C9H18,,9,18,0,0,0,0,0,,,,,1337.0,1.075
"Cyclohexane, 1,2,4-trimethyl-",1.1,126.2392,C9H18,,9,18,0,0,0,0,0,,,,,1337.0,1.075
"Cyclohexane, 1,2,4-trimethyl-, (1α,2β,4β)-",1.1,126.2392,C9H18,,9,18,0,0,0,0,0,,,,,1337.0,1.075
"Cyclohexane, 1,3,5-trimethyl-",1.1,126.2392,C9H18,,9,18,0,0,0,0,0,,,,,1337.0,1.075
"2,3-Dimethyl-3-heptene",1.55,126.24,C9H18,,9,18,0,0,0,0,0,,,,,1337.0,1.075
7-Methyl-3-octene,1.55,126.24,C9H18,,9,18,0,0,0,0,0,,,,,1337.0,1.075
1-Nonene,1.5,126.24,C9H18,,9,18,0,0,0,0,0,,,,,1337.0,1.075
"1H-Indene, 1-methylene-",2.0,128.16972,C10H8,,10,8,0,0,1,0,0,,,,,1222.0,1.103
"1H-Indene, 1-methylene",2.0,128.17,C10H8,,10,8,0,0,2,0,0,,,,,1222.0,1.23
Napthalene,2.2,128.1705,C10H8,,10,8,0,0,2,0,0,,,,,1222.0,1.23
C9H20,1.0,128.25,C9H20,,9,20,0,0,0,0,0,,,,,1381.0,1.112
C9 isoparaffins,0.9,128.2531,C9H20,,9,20,0,0,0,0,0,,,,,1381.0,1.112
C9H20 iso-paraffins,0.9,128.2531,C9H20,,9,20,0,0,0,0,0,,,,,1381.0,1.112
"Heptane, 2,5-dimethyl-",0.9,128.2551,C9H20,,9,20,0,0,0,0,0,,,,,1381.0,1.112
"Octane, 2-methyl-",0.9,128.2551,C9H20,,9,20,0,0,0,0,0,,,,,1381.0,1.112
"Octane, 4-methyl-",0.9,128.2551,C9H20,,9,20,0,0,0,0,0,,,,,1381.0,1.112
Nonane,1.0,128.26,C9H20,,9,20,0,0,0,0,0,,,,,1381.0,1.112
"1H-Indene, 3-methyl-",2.0,130.18,C10H10,,10,10,0,0,2,0,0,,,,,1266.0,1.268
"Benzene, 1-methyl-4-(1-propynyl)-",2.0,130.1854,C10H10,,10,10,0,0,1,0,0,,,,,1266.0,1.141
"1,4-Dihydronaphthalene",2.0,130.19,C10H10,,10,10,0,0,1,0,0,,,,,1266.0,1.141
"1H-Indene, 1-methyl-",2.0,130.1864,C10H10,,10,10,0,0,1,0,0,,,,,1266.0,1.141
2-Methylindene,2.0,130.1864,C10H10,,10,10,0,0,1,0,0,,,,,1266.0,1.141
"Naphthalene, 1,2-dihydro",2.2,130.1864,C10H10,,10,10,0,0,0,0,0,,,,,1266.0,1.014
"Naphthalene, 1,2-dihydro-",2.2,130.1864,C10H10,,10,10,0,0,1,0,0,,,,,1266.0,1.141
"1H-Indene, 2,3-dihydro-4-methyl-",2.0,132.2,C10H12,,10,12,0,0,1,0,0,,,,,1310.0,1.178
"Benzene, (1-methylenepropyl)-",2.0,132.2,C10H12,,10,12,0,0,1,0,0,,,,,1310.0,1.178
"Benzene, 1-methylenepropyl)-",2.0,132.2,C10H12,,10,12,0,0,1,0,0,,,,,1310.0,1.178
"Benzene, 3-butenyl-",2.0,132.2,C10H12,,10,12,0,0,1,0,0,,,,,1310.0,1.178
"Benzene, 4-ethenyl-1,2-dimethyl-",2.0,132.2,C10H12,,10,12,0,0,1,0,0,,,,,1310.0,1.178
"Indan, 1-methyl-",2.0,132.2,C10H12,,10,12,0,0,1,0,0,,,,,1310.0,1.178
"Naphthalene, 1,2,3,4-tetrahydro-",2.2,132.2,C10H12,,10,12,0,0,1,0,0,,,,,1310.0,1.178
"1H-Indene, 2,3-dihydro-5-methyl-",2.0,132.202,C10H12,,10,12,0,0,2,0,0,,,,,1310.0,1.305
"2,4-Dimethylstyrene",2.0,132.2023,C10H12,,10,12,0,0,1,0,0,,,,,1310.0,1.178
"Benzene, 1-ethenyl-3-ethyl-",2.0,132.2023,C10H12,,10,12,0,0,1,0,0,,,,,1310.0,1.178
"Benzene, 1-methyl-4-(1-methylethenyl)-",2.0,132.2,C10H12,,10,12,0,0,1,0,0,,,,,1310.0,1.178
"Benzene, 1-ethyl-2,3-dimethyl-",2.0,134.21,C10H14,,10,14,0,0,1,0,0,,,,,1353.0,1.216
"Benzene, 1,3-diethyl-",2.0,134.22,C10H14,,10,14,0,0,1,0,0,,,,,1353.0,1.216
"Benzene, 1-methyl-3-(1-methylethyl)-",2.0,134.22,C10H14,,10,14,0,0,1,0,0,,,,,1353.0,1.216
"Benzene, 1-methyl-3-propyl-",2.0,134.21676,C10H14,,10,14,0,0,1,0,0,,,,,1353.0,1.216
"Benzene, 2-ethyl-1,4-dimethyl-",2.0,134.22,C10H14,,10,14,0,0,1,0,0,,,,,1353.0,1.216
"Benzene, 4-ethyl-1,2-dimethyl-",2.0,134.22,C10H14,,10,14,0,0,1,0,0,,,,,1353.0,1.216
"Benzene, butyl-",2.0,134.21676,C10H14,,10,14,0,0,1,0,0,,,,,1353.0,1.216
"Benzene, 1,2,4,5-tetramethyl-",2.0,134.218,C10H14,,10,14,0,0,1,0,0,,,,,1353.0,1.216
"Benzene, 1,2-diethyl-",2.0,134.218,C10H14,,10,14,0,0,1,0,0,,,,,1353.0,1.216
"Benzene, 1-ethyl-2,4-dimethyl-",2.0,134.218,C10H14,,10,14,0,0,1,0,0,,,,,1353.0,1.216
"Benzene, n-butyl-",2.0,134.218,C10H14,,10,14,0,0,1,0,0,,,,,1353.0,1.216
"1,9-Decadiyne",1.5,134.2182,C10H14,,10,14,0,0,0,0,0,,,,,1353.0,1.089
"Benzene, 1,2,3,5-tetramethyl-",2.0,134.22,C10H14,,10,14,0,0,1,0,0,,,,,1353.0,1.216
"Benzene, 1,4-diethyl-",2.0,134.2182,C10H14,,10,14,0,0,1,0,0,,,,,1353.0,1.216
"Benzene, 1-ethyl-3,5-dimethyl-",2.0,134.22,C10H14,,10,14,0,0,1,0,0,,,,,1353.0,1.216
"1,4,9-Decatriene",1.5,136.23,C10H16,,10,16,0,0,0,0,0,,,,,1397.0,1.126
3-Decen-1-yne,1.5,136.23,C10H16,,10,16,0,0,0,0,0,,,,,1397.0,1.126
"Bicyclo[2.2.1]heptane, 2,2-dimethyl-5-methylene-",1.1,136.23,C10H16,,10,16,0,0,0,0,0,,,,,1397.0,1.126
"1,4-Cyclohexadiene, 1-methyl-4-(1-methylethyl)-",1.1,136.234,C10H16,,10,16,0,0,0,0,0,,,,,1397.0,1.126
"1,3-Heptadiene, 3-ethyl-2-methyl-",1.55,138.24812,C10H18,,10,18,0,0,0,0,0,,,,,1441.0,1.164
"1,3-Hexadiene, 3-ethyl-2-methyl-",1.55,138.25,C10H18,,10,18,0,0,0,0,0,,,,,1441.0,1.164
"1,4-Hexadiene, 2,3,4,5-tetramethyl-",1.55,138.24812,C10H18,,10,18,0,0,0,0,0,,,,,1441.0,1.164
"1,4-Hexadiene, 3-ethyl-4,5-dimethyl-",1.55,138.24812,C10H18,,10,18,0,0,0,0,0,,,,,1441.0,1.164
"1,6-Octadiene, 5,7-dimethyl-",1.55,138.24812,C10H18,,10,18,0,0,0,0,0,,,,,1441.0,1.164
"Bicyclo[4.1.0]heptane, 3,7,7-trimethyl-, [1S-(1α,3β,6α)]-",1.1,138.25,C10H18,,10,18,0,0,0,0,0,,,,,1441.0,1.164
"Cyclohexane, 1-methyl-4-(1-methylethylidene)-",1.1,138.25,C10H18,,10,18,0,0,0,0,0,,,,,1441.0,1.164
"Cyclohexene, 3-methyl-6-(1-methylethyl)-",1.5,138.24812,C10H18,,10,18,0,0,0,0,0,,,,,1441.0,1.164
"Cyclohexene, 4-methyl-1-(1-methylethyl)-",1.1,138.25,C10H18,,10,18,0,0,0,0,0,,,,,1441.0,1.164
Decadiene,1.7,138.24812,C10H18,,10,18,0,0,0,0,0,,,,,1441.0,1.164
Ethylidenecyclooctane,1.1,138.24812,C10H18,,10,18,0,0,0,0,0,,,,,1441.0,1.164
"1,6-Octadiene, 3,7-dimethyl-",1.55,138.2499,C10H18,,10,18,0,0,0,0,0,,,,,1441.0,1.164
"1,6-Octadiene, 5,7-dimethyl-, (R)-",1.55,138.2499,C10H18,,10,18,0,0,0,0,0,,,,,1441.0,1.164
"1,9-Decadiene",1.7,138.2499,C10H18,,10,18,0,0,0,0,0,,,,,1441.0,1.164
2-Decyne,1.5,138.2499,C10H18,,10,18,0,0,0,0,0,,,,,1441.0,1.164
"Cyclooctane, ethenyl-",1.1,138.2499,C10H18,,10,18,0,0,0,0,0,,,,,1441.0,1.164
"1,10-Decadiene",1.7,138.25,C10H18,,10,18,0,0,0,0,0,,,,,1441.0,1.164
"1,3-Hexadiene, 3-ethyl-2,5-dimethyl-",1.55,138.25,C10H18,,10,18,0,0,0,0,0,,,,,1441.0,1.164
o-Menth-8-ene,1.1,138.25,C10H18,,10,18,0,0,0,0,0,,,,,1441.0,1.164
"2-Nonene, 3-methyl-",1.55,140.2638,C10H20,,10,20,0,0,0,0,0,,,,,1484.0,1.201
"2-Octene, 4-ethyl-",1.55,140.2638,C10H20,,10,20,0,0,0,0,0,,,,,1484.0,1.201
3-Decene,1.5,140.2638,C10H20,,10,20,0,0,0,0,0,,,,,1484.0,1.201
3-Ethyl-3-octene,1.55,140.26,C10H20,,10,20,0,0,0,0,0,,,,,1484.0,1.201
"3-Hexene, 3-ethyl-2,5-dimethyl-",1.55,140.2638,C10H20,,10,20,0,0,0,0,0,,,,,1484.0,1.201
4-Decene,1.5,140.2638,C10H20,,10,20,0,0,0,0,0,,,,,1484.0,1.201
5-Decene,1.55,140.2638,C10H20,,10,20,0,0,0,0,0,,,,,1484.0,1.201
C10 isoolefins,1.5,140.26,C10H20,,10,20,0,0,0,0,0,,,,,1484.0,1.201
C10H20 iso,1.5,140.2638,C10H20,,10,20,0,0,0,0,0,,,,,1484.0,1.201
C10H20 linear,1.5,140.26,C10H20,,10,20,0,0,0,0,0,,,,,1484.0,1.201
cis-3-Decene,1.5,140.26,C10H20,,10,20,0,0,0,0,0,,,,,1484.0,1.201
"Cyclooctane, 1,5-dimethyl-2,6-bis(methylene)-",1.1,140.26,C10H20,,10,20,0,0,0,0,0,,,,,1484.0,1.201
2-Decene,1.5,140.265,C10H20,,10,20,0,0,0,0,0,,,,,1484.0,1.201
C10H20 isomers,1.5,140.265,C10H20,,10,20,0,0,0,0,0,,,,,1484.0,1.201
1-Decene,1.5,140.27,C10H20,,10,20,0,0,0,0,0,,,,,1484.0,1.201
"1-Octene, 2,6-dimethyl-",1.55,140.2658,C10H20,,10,20,0,0,0,0,0,,,,,1484.0,1.201
"Nonane, 5-methylene-",0.9,140.2658,C10H20,,10,20,0,0,0,0,0,,,,,1484.0,1.201
Decene,1.5,140.266,C10H20,,10,20,0,0,0,0,0,,,,,1484.0,1.201
"1-Octene, 3,4-dimethyl-",1.55,140.27,C10H20,,10,20,0,0,0,0,0,,,,,1484.0,1.201
"Napthalene, 1-methyl-",2.2,142.0,C11H10,,11,10,0,0,0,0,0,,,,,1369.0,1.103
"1H-Indene, 1-ethylidene-",2.0,142.1961,C11H10,,11,10,0,0,1,0,0,,,,,1369.0,1.23
Benzocycloheptatriene,2.0,142.1961,C11H10,,11,10,0,0,1,0,0,,,,,1369.0,1.23
"Bicyclo[4.4.1]undeca-1,3,5,7,9-pentaene",2.2,142.1961,C11H10,,11,10,0,0,2,0,0,,,,,1369.0,1.357
"Naphthalene, 1-methyl-",2.2,142.1961,C11H10,,11,10,0,0,2,0,0,,,,,1369.0,1.357
"Naphthalene, 2-methyl-",2.2,142.1961,C11H10,,11,10,0,0,2,0,0,,,,,1369.0,1.357
C11H10,2.2,142.1971,C11H10,,11,10,0,0,2,0,0,,,,,1369.0,1.357
"Napthalene, 2-methyl-",2.0,142.2,C11H10,,11,10,0,0,2,0,0,,,,,1369.0,1.357
C10 isoparaffins,0.9,142.27948,	C10H22,,10,22,0,0,0,0,0,,,,,1528.0,1.238
C10H22 iso-paraffins,0.9,142.27948,	C10H22,,10,22,0,0,0,0,0,,,,,1528.0,1.238
"Heptane, 2,4,6-trimethyl-",0.9,142.27948,C10H22,,10,22,0,0,0,0,0,,,,,1528.0,1.238
"Octane, 3,5-dimethyl-",0.9,142.27948,C10H22,,10,22,0,0,0,0,0,,,,,1528.0,1.238
"Nonane, 2-methyl-",0.9,142.28,C10H22,,10,22,0,0,0,0,0,,,,,1528.0,1.238
Decane,1.0,142.28,C10H22,,10,22,0,0,0,0,0,,,,,1528.0,1.238
"Heptane, 2,3,5-trimethyl-",0.9,142.281,C10H22,,10,22,0,0,0,0,0,,,,,1528.0,1.238
"Nonane, 3-methyl-",0.9,142.281,C10H22,,10,22,0,0,0,0,0,,,,,1528.0,1.238
"Nonane, 4-methyl-",0.9,142.2817,C10H22,,10,22,0,0,0,0,0,,,,,1528.0,1.238
"Octane, 2,6-dimethyl-",0.9,142.2817,C10H22,,10,22,0,0,0,0,0,,,,,1528.0,1.238
"Naphthalene, 1,2-dihydro-4-methyl-",2.2,144.21,C11H12,,11,12,0,0,1,0,0,,,,,1413.0,1.267
"1H-Indene, 1,3-dimethyl-",2.0,144.213,C11H12,,11,12,0,0,1,0,0,,,,,1413.0,1.267
"Naphthalene, 1,2-dihydro-3-methyl-",2.2,144.213,C11H12,,11,12,0,0,2,0,0,,,,,1413.0,1.394
"Naphthalene, 1,2-dihydro-4-methyl- ",2.0,144.213,C11H12,,11,12,0,0,1,0,0,,,,,1413.0,1.267
"Benzene, (1-methylenebutyl)-",2.0,146.22,C11H14,,11,14,0,0,1,0,0,,,,,1457.0,1.304
"Benzene, (3-methyl-1-methylenepentyl)-",2.0,146.22,C11H14,,11,14,0,0,1,0,0,,,,,1457.0,1.304
"1H-Indene, 2,3-dihydro-1,2-dimethyl-",2.0,146.22746,C11H14,,11,14,0,0,0,0,0,,,,,1457.0,1.177
"1H-Indene, 2,3-dihydro-1,6-dimethyl-",2.0,146.23,C11H14,,11,14,0,0,1,0,0,,,,,1457.0,1.304
"1H-Indene, 2,3-dihydro-4,7-dimethyl-",2.0,146.23,C11H14,,11,14,0,0,1,0,0,,,,,1457.0,1.304
"2,2-Dimethylindene, 2,3-dihydro-",2.0,146.22746,C11H14,,11,14,0,0,1,0,0,,,,,1457.0,1.304
"2-Ethyl-2,3-dihydro-1H-indene",2.0,146.22746,C11H14,,11,14,0,0,1,0,0,,,,,1457.0,1.304
"Naphthalene, 1,2,3,4-tetrahydro-2-methyl-",2.2,146.23,C11H14,,11,14,0,0,1,0,0,,,,,1457.0,1.304
"Naphthalene, 1,2,3,4-tetrahydro-6-methyl-",2.2,146.23,C11H14,,11,14,0,0,1,0,0,,,,,1457.0,1.304
"Naphthalene, 1,2,3,4-tetrahydro-6-methyl ",2.0,146.22746,C11H14,,11,14,0,0,1,0,0,,,,,1457.0,1.304
"Benzene, (3-methyl-3-butenyl)-",2.0,146.228,C11H14,,11,14,0,0,0,0,0,,,,,1457.0,1.177
"Benzene, (1-methyl-3-butenyl)-",2.0,146.23,C11H14,,11,14,0,0,1,0,0,,,,,1457.0,1.304
trans-1-Phenyl-1-pentene,2.0,146.2289,C11H14,,11,14,0,0,0,0,0,,,,,1457.0,1.177
"Benzene, 1-ethyl-2,4,5-trimethyl- ",2.0,148.24,C11H16,,11,16,0,0,1,0,0,,,,,1500.0,1.342
"Benzene, (1-methylbutyl)-",2.0,148.24,C11H16,,11,16,0,0,1,0,0,,,,,1500.0,1.342
"Benzene, 1-methyl-4-(1-methylpropyl)-",2.0,148.24,C11H16,,11,16,0,0,1,0,0,,,,,1500.0,1.342
"Benzene, 1-methyl-4-(2-methylpropyl)-",2.0,148.24314,C11H16,,11,16,0,0,1,0,0,,,,,1500.0,1.342
"Benzene, pentyl-",2.0,148.24314,C11H16,,11,16,0,0,1,0,0,,,,,1500.0,1.342
C11H16 (MAR),2.0,148.24314,‎C11H16,,11,16,0,0,1,0,0,,,,,1500.0,1.342
"Benzene, 1,3-diethyl-5-methyl-",2.0,148.24,C11H16,,11,16,0,0,1,0,0,,,,,1500.0,1.342
"Benzene, 1-ethyl-2,4,5-trimethyl-",2.0,148.2447,C11H16,,11,16,0,0,2,0,0,,,,,1500.0,1.469
"Benzene, 1-methyl-4-butyl",2.0,148.2447,C11H16,,11,16,0,0,1,0,0,,,,,1500.0,1.342
"Benzene, 2,4-diethyl-1-methyl-",2.0,148.2447,C11H16,,11,16,0,0,0,0,0,,,,,1500.0,1.215
"Decane, 2-methyl-",0.9,148.2447,C11H16,,11,16,0,0,0,0,0,,,,,1500.0,1.215
1-Isopropenyl-3-propenylcyclopentane,1.1,150.25882,C11H18,,11,18,0,0,0,0,0,,,,,1544.0,1.252
"Naphthalene, 1,2,3,4,4a,5,6,7-octahydro-4a-methyl-",1.1,150.25882,	C11H18,,11,18,0,0,0,0,0,,,,,1544.0,1.252
trans-8-Ethyl-bicyclo[4.3.0]non-3-ene,1.1,150.26,C11H18,,11,18,0,0,0,0,0,,,,,1544.0,1.252
"Cyclohexene, 3-(3-methyl-1-butenyl)-",1.1,150.26,C11H18,,11,18,0,0,0,0,0,,,,,1544.0,1.252
"Naphthalene, 1,2,3,4,4a,5,6,7-octahydro-4a-methyl",1.1,150.26,C11H18,,11,18,0,0,0,0,0,,,,,1544.0,1.252
Biphenylene,2.2,152.1919,C12H8,,12,8,0,0,0,0,0,,,,,1429.0,1.154
"1,10-Undecadiene",1.7,152.2745,C11H20,,11,20,0,0,0,0,0,,,,,1588.0,1.29
"1,1--Undecadiene",1.7,152.2745,C11H20,,11,20,0,0,0,0,0,,,,,1588.0,1.29
Undecadiene,1.7,152.2745,C11H20,,11,20,0,0,0,0,0,,,,,1588.0,1.29
"1,7-Octadiene, 2,3,3-trimethyl-",1.55,152.28,	C11H20,,11,20,0,0,0,0,0,,,,,1588.0,1.29
" Naphthalene, 2-ethenyl-",2.3,154.2068,C12H10,,12,10,0,0,3,0,0,,,,,1473.0,1.572
Biphenyl,2.02,154.2068,C12H10,,12,10,0,0,2,0,0,,,,,1473.0,1.445
"1-Decene, 2-methyly",1.55,154.29,C11H22,,11,22,0,0,0,0,0,,,,,1632.0,1.327
5-Undecene,1.5,154.29,C11H22,,11,22,0,0,0,0,0,,,,,1632.0,1.327
"1-Decene, 2-methyl-",1.55,154.29018,C11H22,,11,22,0,0,0,0,0,,,,,1632.0,1.327
"1-Decene, 5-methyl-",1.55,154.29,C11H22,,11,22,0,0,0,0,0,,,,,1632.0,1.327
C11 isoolefins,1.5,154.29,C11H22,,11,22,0,0,0,0,0,,,,,1632.0,1.327
C11H22,1.5,154.29018,C11H22,,11,22,0,0,0,0,0,,,,,1632.0,1.327
C11H22 iso,1.5,154.29018,C11H22,,11,22,0,0,0,0,0,,,,,1632.0,1.327
C11H22 isomers,1.5,154.29018,C11H22,,11,22,0,0,0,0,0,,,,,1632.0,1.327
C11H22 linear,1.5,154.29018,C11H22,,11,22,0,0,0,0,0,,,,,1632.0,1.327
4-Undecene,1.5,154.2924,C11H22,,11,22,0,0,0,0,0,,,,,1632.0,1.327
"Nonane, 2-methyl-3-methylene-",1.55,154.2924,C11H22,,11,22,0,0,0,0,0,,,,,1632.0,1.327
Undecene,1.5,154.2924,C11H22,,11,22,0,0,0,0,0,,,,,1632.0,1.327
1-Undecene,1.5,154.3,C11H22,,11,22,0,0,0,0,0,,,,,1632.0,1.327
"Naphthacene, 1-ethyl-",2.2,156.22,C12H12,,12,12,0,0,2,0,0,,,,,1517.0,1.483
"Napthalene, dimethyl-",2.2,156.22,‎C12H12,,12,12,0,0,2,0,0,,,,,1517.0,1.483
"1,4-Ethenonaphtahlene, 1,4-dihydro-",2.2,156.22248,C12H12,,12,12,0,0,2,0,0,,,,,1517.0,1.483
"Naphthalene, 1,7-dimethyl-",2.2,156.22248,C12H12,,12,12,0,0,2,0,0,,,,,1517.0,1.483
"Naphthalene, 1-ethyl-",2.2,156.22248,C12H12,,12,12,0,0,2,0,0,,,,,1517.0,1.483
"Naphthalene, 2,7-dimethyl-",2.2,156.22248,C12H12,,12,12,0,0,2,0,0,,,,,1517.0,1.483
"Naphthalene, dimethyl-",2.2,156.22248,C12H12,,12,12,0,0,2,0,0,,,,,1517.0,1.483
"Napthalene, 2-ethenyl",2.2,156.22248,C12H12,,12,12,0,0,2,0,0,,,,,1517.0,1.483
"Pent-1-yn-3-ene, 4-methyl-3-phenyl-",2.0,156.22248,C12H12,,12,12,0,0,1,0,0,,,,,1517.0,1.356
"Naphthalene, 1,3-dimethyl-",2.2,156.223,C12H12,,12,12,0,0,2,0,0,,,,,1517.0,1.483
"Naphthalene, 1,5-dimethyl-",2.2,156.223,C12H12,,12,12,0,0,2,0,0,,,,,1517.0,1.483
"Naphthalene, 1,4-dimethyl-",2.2,156.2237,C12H12,,12,12,0,0,2,0,0,,,,,1517.0,1.483
"Naphthalene, 1,6-dimethyl-",2.2,156.2237,C12H12,,12,12,0,0,2,0,0,,,,,1517.0,1.483
"Naphthalene, 2,6-dimethyl-",2.2,156.2237,C12H12,,12,12,0,0,2,0,0,,,,,1517.0,1.483
"Naphthalene, 2-ethyl-",2.2,156.2237,C12H12,,12,12,0,0,2,0,0,,,,,1517.0,1.483
C11 isoparaffins,0.9,156.30586,C11H24,,11,24,0,0,0,0,0,,,,,1675.0,1.365
C11H24 iso-paraffin,0.9,156.31,C11H24,,11,24,0,0,0,0,0,,,,,1675.0,1.365
"Decane, 3-methyl-",0.9,156.308,C11H24,,11,24,0,0,0,0,0,,,,,1675.0,1.365
"Decane, 4-methyl-",0.9,156.308,C11H24,,11,24,0,0,0,0,0,,,,,1675.0,1.365
"Decane, 5-methyl-",0.9,156.3083,C11H24,,11,24,0,0,0,0,0,,,,,1675.0,1.365
iso-undecane,0.9,156.31,C11H24,,11,24,0,0,0,0,0,,,,,1675.0,1.365
Undecane,1.0,156.31,C11H24,,11,24,0,0,0,0,0,,,,,1675.0,1.365
"1H-Indene, 1,1,3-trimethyl-",2.2,158.24,C12H14,,12,14,0,0,1,0,0,,,,,1560.0,1.393
"Tricyclo[6.4.0.0(3,7)]dodeca-1,9,11-triene",2.0,158.24,C12H14,,12,14,0,0,1,0,0,,,,,1560.0,1.393
"1H-Indene, 2,3-dihydro-1,1,5-trimethyl-",2.0,160.25384,C12H16,,12,16,0,0,0,0,0,,,,,1604.0,1.304
"Benzene, 1-(2-butenyl)-2,3-dimethyl-",2.0,160.25384,C12H16,,12,16,0,0,1,0,0,,,,,1604.0,1.431
"Naphthalene, 1,2,3,4-tetrahydro-2,6-dimethyl-",2.2,160.25,C12H16,,12,16,0,0,1,0,0,,,,,1604.0,1.431
"Naphthalene, 5-ethyl-1,2,3,4-tetrahydro-",2.2,160.25,C12H16,,12,16,0,0,1,0,0,,,,,1604.0,1.431
"Naphthalene, 6-ethyl-1,2,3,4-tetrahydro-",2.2,160.25,C12H16,,12,16,0,0,1,0,0,,,,,1604.0,1.431
"Benzene, 4-(2-butenyl)-1,2-dimethyl-, (E)-",2.0,160.255,C12H16,,12,16,0,0,0,0,0,,,,,1604.0,1.304
"Benzene, 1-(1-methylethenyl)-2-(1-methylethyl)-",,160.2554,C12H16,,12,16,0,0,1,0,0,,,,,1604.0,1.431
"Benzene, 4-hexenyl-",2.0,160.2554,C12H16,,12,16,0,0,1,0,0,,,,,1604.0,1.431
"Naphthalene, 1,2,3,4-tetrahydro-2,7-dimethyl-",2.0,160.2554,C12H16,,12,16,0,0,0,0,0,,,,,1604.0,1.304
"Benzene, (1-3-dimethylbutyl)-",2.0,162.26952,C12H18,,12,18,0,0,1,0,0,,,,,1648.0,1.468
"Benzene, hexyl-",2.0,162.26952,C12H18,,12,18,0,0,1,0,0,,,,,1648.0,1.468
C12H18 MAR,2.0,162.26952,C12H18,,12,18,0,0,1,0,0,,,,,1648.0,1.468
"Benzene, 2,4-dimethyl-1-(1-methylpropyl)-",2.0,162.27,C12H18,,12,18,0,0,0,0,0,,,,,1648.0,1.341
"Benzene, 1,2-diethyl-3,4-dimethyl-",2.0,162.271,C12H18,,12,18,0,0,0,0,0,,,,,1648.0,1.341
"Benzene, 1,3,5-trimethyl-2-propyl-",2.0,162.271,C12H18,,12,18,0,0,2,0,0,,,,,1648.0,1.595
"Benzene, (1,3-dimethylbutyl)-",2.0,162.2713,C12H18,,12,18,0,0,1,0,0,,,,,1648.0,1.468
"Benzene, (1-methylpentyl)-",2.0,162.27,C12H18,,12,18,0,0,1,0,0,,,,,1648.0,1.468
"Benzene, (2-methylpentyl)-",2.0,162.27,C12H18,,12,18,0,0,1,0,0,,,,,1648.0,1.468
1H-phenalene,2.3,166.218,C13H10,,13,10,0,0,2,0,0,,,,,1577.0,1.534
Fluorene,2.2,166.2185,C13H10,,13,10,0,0,2,0,0,,,,,1577.0,1.534
"3,5-Octadiene, 4,5-diethyl-",1.55,166.3,C12H22,,12,22,0,0,0,0,0,,,,,1735.0,1.416
Dodecadiene,1.7,166.3,C12H22,,12,22,0,0,0,0,0,,,,,1735.0,1.416
"1,8-Dodecadiene",1.7,166.30088,C12H22,,12,22,0,0,0,0,0,,,,,1735.0,1.416
"1,3,5-Cycloheptatriene",1.1,166.303,C12H22,,12,22,0,0,0,0,0,,,,,1735.0,1.416
"1,11-Dodecadiene",1.7,166.3031,C12H22,,12,22,0,0,0,0,0,,,,,1735.0,1.416
1-Dodecyne,1.5,166.3031,C12H22,,12,22,0,0,0,0,0,,,,,1735.0,1.416
"Biphenylene, methyl-",2.3,168.23,	C13H12,,13,12,0,0,0,0,0,,,,,1620.0,1.318
Diphenylmethane,2.02,168.23,C13H12,,13,12,0,0,2,0,0,,,,,1620.0,1.572
"Fluorene, 1,4-dihydro",2.3,168.23,C13H12,,13,12,0,0,2,0,0,,,,,1620.0,1.572
1-Isopropenylnaphthalene,2.2,168.234,C13H12,,13,12,0,0,2,0,0,,,,,1620.0,1.572
1-Dodecene ,1.5,168.31656,C12H24,,12,24,0,0,0,0,0,,,,,1779.0,1.453
C12 isoolefins,1.5,168.32,C12H24,,12,24,0,0,0,0,0,,,,,1779.0,1.453
C12H24,1.5,168.31656,C12H24,,12,24,0,0,0,0,0,,,,,1779.0,1.453
C12H24 isomers,1.5,168.31656,C12H24,,12,24,0,0,0,0,0,,,,,1779.0,1.453
"1-Undecene, 4-methyl-",1.55,168.319,C12H24,,12,24,0,0,0,0,0,,,,,1779.0,1.453
6-Dodecene,1.5,168.319,C12H24,,12,24,0,0,0,0,0,,,,,1779.0,1.453
3-Dodecene,1.5,168.32,C12H24,,12,24,0,0,0,0,0,,,,,1779.0,1.453
"3-Undecene, 7-methyl-",1.55,168.32,C12H24,,12,24,0,0,0,0,0,,,,,1779.0,1.453
C12H24 iso,1.5,168.32,C12H24,,12,24,0,0,0,0,0,,,,,1779.0,1.453
Dodecene,1.5,168.32,C12H24,,12,24,0,0,0,0,0,,,,,1779.0,1.453
1-Dodecene,1.5,168.32,C12H24,,12,24,0,0,0,0,0,,,,,1779.0,1.453
"Naphthalene, 1,4,5-trimethyl-",2.2,170.24886,C13H14,,13,14,0,0,2,0,0,,,,,1664.0,1.609
"Naphthalene, 1,4,6-trimethyl-",2.2,170.25,C13H14,,13,14,0,0,2,0,0,,,,,1664.0,1.609
"Naphthalene, 1,6,7-trimethyl-",2.2,170.25,C13H14,,13,14,0,0,2,0,0,,,,,1664.0,1.609
"Naphthalene, trimethyl-",2.2,170.25,C13H14,,13,14,0,0,2,0,0,,,,,1664.0,1.609
"Napthalene, 1-propyl-",2.2,170.25,C13H14,,13,14,0,0,2,0,0,,,,,1664.0,1.609
"Napthalene, trimethyl-",2.2,170.25,C13H14,,13,14,0,0,2,0,0,,,,,1664.0,1.609
"Naphthalene, 2,3,6-trimethyl-",2.2,170.2503,C13H14,,13,14,0,0,2,0,0,,,,,1664.0,1.609
"2,6-Dimethyldecane",0.9,170.33224,C12H26,,12,26,0,0,0,0,0,,,,,1823.0,1.491
C12H26 iso-paraffin,0.9,170.33,C12H26,,12,26,0,0,0,0,0,,,,,1823.0,1.491
C12 isoparaffins,0.9,170.3348,C12H26,,12,26,0,0,0,0,0,,,,,1823.0,1.491
Dodecane,1.0,170.33,C12H26,,12,26,0,0,0,0,0,,,,,1823.0,1.491
iso-dodecane,0.9,170.33,C12H26,,12,26,0,0,0,0,0,,,,,1823.0,1.491
"Benzene, 1-heptenyl-",2.0,174.28,C13H18,,13,18,0,0,1,0,0,,,,,1751.0,1.557
"Naphthalene, 1,2,3,4-tetrahydro-1,6,8-trimethyl-",2.2,174.28,C13H18,,13,18,0,0,1,0,0,,,,,1751.0,1.557
"Naphthalene, 1,2,3,4-tetrahydro-2,5,8-trimethyl-",2.2,174.28,C13H18,,13,18,0,0,1,0,0,,,,,1751.0,1.557
"Naphthalene, 1,2,3,4-tetrahydro-6-propyl-",2.2,174.28,C13H18,,13,18,0,0,1,0,0,,,,,1751.0,1.557
"Benzene, heptyl-",2.0,176.2959,C13H20,,13,20,0,0,1,0,0,,,,,1795.0,1.594
Benzene-heptyl,2.0,176.3,C13H20,,13,20,0,0,1,0,0,,,,,1795.0,1.594
C13H20 MAR,2.0,176.298,C13H20,,13,20,0,0,1,0,0,,,,,1795.0,1.594
"9H-Fluorene, 9-methylene-",2.3,178.229,C14H10,,14,10,0,0,2,0,0,,,,,1680.0,1.623
anthracene,2.3,178.229,C14H10,,14,10,0,0,2,0,0,,,,,1680.0,1.623
phenanthrene,2.3,178.229,C14H10,,14,10,0,0,2,0,0,,,,,1680.0,1.623
cis-Stilbene,2.02,180.24,C14H12,,14,12,0,0,2,0,0,,,,,1724.0,1.66
"9H-Fluorene, 3-methyl",2.3,180.24388,C14H12,,14,12,0,0,3,0,0,,,,,1724.0,1.787
"9H-Fluorene, 2-methyl-",2.0,180.2451,C14H12,,14,12,0,0,2,0,0,,,,,1724.0,1.66
Stilbene,2.02,180.25,C14H12,,14,12,0,0,2,0,0,,,,,1724.0,1.66
"1,12-Tridecadiene",1.7,180.329,C13H24,,13,24,0,0,0,0,0,,,,,1882.0,1.542
C13H24,1.7,180.3297,C13H24,,13,24,0,0,0,0,0,,,,,1882.0,1.542
Tridecadiene,1.7,180.33,C13H24,,13,24,0,0,0,0,0,,,,,1882.0,1.542
Bibenzyl,2.02,182.26,C14H14,,14,14,0,0,2,0,0,,,,,1767.0,1.698
C13 isoolefins,1.5,182.34,C13H26,,13,26,0,0,0,0,0,,,,,1926.0,1.58
C13H26 iso,1.5,182.34294,C13H26,,13,26,0,0,0,0,0,,,,,1926.0,1.58
C13H26 isomers,1.5,182.34294,C13H26,,13,26,0,0,0,0,0,,,,,1926.0,1.58
1-Tridecene,1.5,182.3455,C13H26,,13,26,0,0,0,0,0,,,,,1926.0,1.58
3-Tridecene,1.5,182.35,C13H26,,13,26,0,0,0,0,0,,,,,1926.0,1.58
C13H26,1.5,182.3455,C13H26,,13,26,0,0,0,0,0,,,,,1926.0,1.58
Tridecene,1.5,182.35,C13H26,,13,26,0,0,0,0,0,,,,,1926.0,1.58
C14H15 diaromatics,2.2,183.2674,C14H15,,14,15,0,0,2,0,0,,,,,1789.0,1.716
"cis-3-Methyl-4-cyclohexene-1,2-dicarboxylic acid",3.0,184.18638,C9H12O4,,9,12,4,0,0,0,0,,,,,1013.0,0.797
"Naphthalene, 1,2,3,4-tetramethyl-",2.2,184.27,C14H16,,14,16,0,0,2,0,0,,,,,1811.0,1.735
"Naphthalene, 2-methyl-1-propyl-",2.2,184.28,C14H16,,14,16,0,0,2,0,0,,,,,1811.0,1.735
"1,4,5,8-Tetramethylnaphthalene",2.2,184.28,C14H16,,14,16,0,0,0,0,0,,,,,1811.0,1.481
"Naphtalene, 2-methyl-1-propyl-",2.0,184.28,C14H16,,14,16,0,0,2,0,0,,,,,1811.0,1.735
"Naphthalene, tetramethyl-",2.2,184.28,C14H16,,14,16,0,0,2,0,0,,,,,1811.0,1.735
C13H28 iso-paraffin,0.9,184.35862,C13H28,,13,28,0,0,0,0,0,,,,,1970.0,1.617
C13H28 iso-paraffins,0.9,184.36,C13H28,,13,28,0,0,0,0,0,,,,,1970.0,1.617
"Decane, 2,5,6-trimethyl-",0.9,184.35862,C13H28,,13,28,0,0,0,0,0,,,,,1970.0,1.617
"Undecane, 2,6-dimethyl-",0.9,184.35862,C13H28,,13,28,0,0,0,0,0,,,,,1970.0,1.617
"Decane, 2,4,6-trimethyl-",0.9,184.36,C13H28,,13,28,0,0,0,0,0,,,,,1970.0,1.617
iso-tridecane,0.9,184.36,C13H28,,13,28,0,0,0,0,0,,,,,1970.0,1.617
Tridecane,1.0,184.36,C13H28,,13,28,0,0,0,0,0,,,,,1970.0,1.617
C13 isoparaffins,0.9,184.3614,C13H28,,13,28,0,0,0,0,0,,,,,1970.0,1.617
"Benzene, (3-cyclopentylpropyl)-",2.0,188.3,C14H20,,14,20,0,0,1,0,0,,,,,1899.0,1.683
" Naphthalene, 1,2,3,4-tetrahydro-5,6,7,8-tetramethyl-",2.0,188.3066,C14H20,,14,20,0,0,0,0,0,,,,,1899.0,1.556
"1,4,6,7-Tetramethyl1,2,3,4-tetrahydronaphthalene",2.2,188.31,C14H20,,14,20,0,0,1,0,0,,,,,1899.0,1.683
"1-(3-Methylbutyl)-2,3,6-trimethylbenzene",2.0,190.32,	C14H22,,14,22,0,0,0,0,0,,,,,1942.0,1.594
1-Phenyl-5-methylheptane,2.0,190.32,C14H22,,14,22,0,0,1,0,0,,,,,1942.0,1.721
"Benzene, octyl-",2.0,190.3245,C14H22,,14,22,0,0,1,0,0,,,,,1942.0,1.721
"Phenanthrene, 3-methyl-",2.3,192.25458,C15H12,,15,12,0,0,3,0,0,,,,,1827.0,1.876
"9H-Fluorene, 3,5-dimethyl-",2.3,194.27,C15H14,,15,14,0,0,0,0,0,,,,,1871.0,1.532
"1,2-Diphenylcyclopropane",2.02,194.3,C15H14,,15,14,0,0,2,0,0,,,,,1871.0,1.786
"1,13-Tetradecadiene",1.7,194.35364,C14H26,,14,26,0,0,0,0,0,,,,,2030.0,1.668
"1,9-Tetradecadiene",1.7,194.35364,C14H26,,14,26,0,0,0,0,0,,,,,2030.0,1.668
Tetradecadiene,1.7,194.35364,C14H26,,14,26,0,0,0,0,0,,,,,2030.0,1.668
C14H26,1.7,194.3562,C14H26,,14,26,0,0,0,0,0,,,,,2030.0,1.668
C15H16 diar,2.2,196.28594,C15H16,,15,16,0,0,2,0,0,,,,,1915.0,1.824
"Benzene, 1,1'(1-methyl-1,2-ethanediyl)bis-",2.02,196.29,C15H16,,15,16,0,0,2,0,0,,,,,1915.0,1.824
"Benzene,1,1'(1,3-propanediyl)bis-",2.02,196.29,C15H16,,15,16,0,0,2,0,0,,,,,1915.0,1.824
4-Tetradecene,1.5,196.36932,C14H28,,14,28,0,0,0,0,0,,,,,2073.0,1.706
C14 isoolefins,1.5,196.37,C14H28,,14,28,0,0,0,0,0,,,,,2073.0,1.706
C14H28,1.5,196.36932,C14H28,,14,28,0,0,0,0,0,,,,,2073.0,1.706
C14H28 iso,1.5,196.36932,C14H28,,14,28,0,0,0,0,0,,,,,2073.0,1.706
C14H28 isomers,1.5,196.36932,C14H28,,14,28,0,0,0,0,0,,,,,2073.0,1.706
2-Butyl-1-decene,1.5,196.37,C14H28,,14,28,0,0,0,0,0,,,,,2073.0,1.706
Tetradecene,1.5,196.37,	C14H28,,14,28,0,0,0,0,0,,,,,2073.0,1.706
1-Tetradecene,1.5,196.37,C14H28,,14,28,0,0,0,0,0,,,,,2073.0,1.706
3-Tetradecene,1.5,196.37,C14H28,,14,28,0,0,0,0,0,,,,,2073.0,1.706
"6-Isopropyl-1,4-dimethylnaphthalene",2.2,198.3,C15H18,,15,18,0,0,2,0,0,,,,,1958.0,1.861
"Naphthalene, 1,6-dimethyl-4-(1-methylethyl)-",2.2,198.3,C15H18,,15,18,0,0,2,0,0,,,,,1958.0,1.861
branched tridecanes,1.0,198.385,C14H30,,14,30,0,0,0,0,0,,,,,2117.0,1.743
C14H30  iso-paraffins,0.9,198.39,C14H30,,14,30,0,0,0,0,0,,,,,2117.0,1.743
C14H30 iso-paraffins,0.9,198.385,C14H30,,14,30,0,0,0,0,0,,,,,2117.0,1.743
C14 isomers,0.9,198.388,C14H30,,14,30,0,0,0,0,0,,,,,2117.0,1.743
C14 isoparaffins,0.9,198.388,C14H30,,14,30,0,0,0,0,0,,,,,2117.0,1.743
C14H30,1.0,198.388,C14H30,,14,30,0,0,0,0,0,,,,,2117.0,1.743
iso-Tetradecane,0.9,198.39,C14H30,,14,30,0,0,0,0,0,,,,,2117.0,1.743
Tetradecane,1.0,198.39,C14H30,,14,30,0,0,0,0,0,,,,,2117.0,1.743
"2,4-Dimethyldodecane",0.9,198.39,C14H30,,14,30,0,0,0,0,0,,,,,2117.0,1.743
Fluoranthene,2.3,202.25,C16H10,,16,10,0,0,3,0,0,,,,,1887.0,1.927
"Benzene, nonyl-",2.0,204.35,C15H24,,15,24,0,0,1,0,0,,,,,2090.0,1.847
"Benzene, (2-methylene-1-phenylcyclopropyl)-",2.02,206.28,C16H14,,16,14,0,0,0,0,0,,,,,1975.0,1.621
"Benzene, 1,1'(1,3-butadienylidene)bis-",2.02,206.28,C16H14,,16,14,0,0,2,0,0,,,,,1975.0,1.875
"Naphthalene, 1,2-dihydro-1-phenyl-",2.02,206.28,C16H14,,16,14,0,0,2,0,0,,,,,1975.0,1.875
"Phenanthrene, 2,3-dimethyl-",2.2,206.28,C16H14,,16,14,0,0,3,0,0,,,,,1975.0,2.002
"Phenanthrene, 3,5-dimethyl- ",2.3,206.28096,C16H14,,16,14,0,0,3,0,0,,,,,1975.0,2.002
"1,2-Dihydro-3-phenylnaphthalene",2.02,206.28,C16H14,,16,14,0,0,2,0,0,,,,,1975.0,1.875
"1,4-Dephenyl-1,3-butadiene",2.02,206.3,C16H14,,16,14,0,0,2,0,0,,,,,1975.0,1.875
"Benzene, 1,1'(2-butene-1,4-diyl)bis-",2.02,208.3,C16H16,,16,16,0,0,2,0,0,,,,,2018.0,1.913
"Benzene, 1,1'-(2-butene-1,4-diyl)bis-",2.02,208.3,C16H16,,16,16,0,0,2,0,0,,,,,2018.0,1.913
"Benzene, 1,1'-(3-methyl-1-propene-1,3-diyl)bis-",2.02,208.3,C16H16,,16,16,0,0,2,0,0,,,,,2018.0,1.913
"2,4-Diphenyl-1-butene",2.02,208.3,C16H16,,16,16,0,0,2,0,0,,,,,2018.0,1.913
"Benzene, 1,1'(1-butene-1,4-diyl)bis-",2.02,208.3,C16H16,,16,16,0,0,2,0,0,,,,,2018.0,1.913
"Benzene, 1,1'-(1-butene-1,4-diyl)bis-",2.02,208.3,C16H16,,16,16,0,0,1,0,0,,,,,2018.0,1.786
Pentadecadiene,1.7,208.38002,C15H28,,15,28,0,0,0,0,0,,,,,2177.0,1.795
C15H28,1.7,208.3828,C15H28,,15,28,0,0,0,0,0,,,,,2177.0,1.795
C16H17 diar,2.2,209.31,C16H17,,16,17,0,0,2,0,0,,,,,2040.0,1.931
Tetradecanenitrile,4.0,209.36818,C14H27N,,14,27,0,1,0,0,0,,,,,2059.0,1.694
"1,1'-Biphenyl, 3,4-diethyl-",2.02,210.31,C16H18,,16,18,0,0,2,0,0,,,,,2062.0,1.95
"Benzene, 1,1'-(1,2-dimethyl-1,2-ethanediyl)bis-, (R*,S*)-",2.2,210.314,C16H18,,16,18,0,0,2,0,0,,,,,2062.0,1.95
"Benzene, 1,1'-(1,2-dimethyl-1,2-ethanediyl)bis-",2.02,210.31,C16H18,,16,18,0,0,2,0,0,,,,,2062.0,1.95
C15 isoolefins,1.5,210.4,C15H30,,15,30,0,0,0,0,0,,,,,2221.0,1.832
C15H30 iso,1.5,210.3957,C15H30,,15,30,0,0,0,0,0,,,,,2221.0,1.832
C15H30 isomers,1.5,210.3957,C15H30,,15,30,0,0,0,0,0,,,,,2221.0,1.832
Pentadecene,1.5,210.3957,C15H30,,15,30,0,0,0,0,0,,,,,2221.0,1.832
1-Pentadecene,1.5,210.4,C15H30,,15,30,0,0,0,0,0,,,,,2221.0,1.832
1-Pentadecene ,1.5,210.3987,C15H30,,15,30,0,0,0,0,0,,,,,2221.0,1.832
C15H30,1.0,210.3987,C15H30,,15,30,0,0,0,0,0,,,,,2221.0,1.832
C15H32,1.0,212.41138,C15H32,,15,32,0,0,0,0,0,,,,,2264.0,1.87
C15H32  iso-paraffins,0.9,212.41,C15H32,,15,32,0,0,0,0,0,,,,,2264.0,1.87
C15 isoparaffins,0.9,212.414,C15H32,,15,32,0,0,0,0,0,,,,,2264.0,1.87
C15H32 iso-paraffins,0.9,212.4146,C15H32,,15,32,0,0,0,0,0,,,,,2264.0,1.87
iso-pentadecane,0.9,212.41,C15H32,,15,32,0,0,0,0,0,,,,,2264.0,1.87
Pentadecane,1.0,212.41,C15H32,,15,32,0,0,0,0,0,,,,,2264.0,1.87
Diphenyl sulfone,5.0,218.27,C12H10O2S,,12,10,2,0,2,0,0,,,,,1377.0,1.363
Diphenylsulfide,5.0,218.27,C12H10O2S,,12,10,2,0,2,0,0,,,,,1377.0,1.363
Diphenylsulfone,5.0,218.27,C12H10O2S,,12,10,2,0,2,0,0,,,,,1377.0,1.363
"Benzene, decyl-",1.0,218.37,C16H26,,16,26,0,0,0,0,0,,,,,2237.0,1.846
"Benzene,decyl-",2.0,218.377,C16H26,,16,26,0,0,1,0,0,,,,,2237.0,1.973
"Benzene, (1-ethyloctyl)-",2.0,218.38,C16H26,,16,26,0,0,1,0,0,,,,,2237.0,1.973
"Benzene, (1-methylnonyl)-",2.0,218.38,C16H26,,16,26,0,0,1,0,0,,,,,2237.0,1.973
"1-(4-Methylphenyl)-4-phenylbuta-1,3,-diene",2.02,220.3,C17H16,,17,16,0,0,2,0,0,,,,,2122.0,2.001
"Phenanthrene, 2,3,5-trimethyl-",2.3,220.30734,C17H16,,17,16,0,0,3,0,0,,,,,2122.0,2.128
"1,3-Pentadiene, 1,1-diphenyl-",2.02,220.31,C17H16,,17,16,0,0,2,0,0,,,,,2122.0,2.001
"1,3-Petandiene, 1,1-diphenyl-",2.02,220.31,C17H16,,17,16,0,0,2,0,0,,,,,2122.0,2.001
Butylated Hydroxytoluene,3.0,220.35,C15H24O,,15,24,1,0,1,0,0,,,,,2041.0,1.805
"Benzene, 1,1'-(1-(2propenyl)-1,2-ethanediyl)bis-",2.02,222.32,C17H18,,17,18,0,0,2,0,0,,,,,2166.0,2.039
Hexadecadiene,1.7,222.4064,C16H30,,16,30,0,0,0,0,0,,,,,2324.0,1.921
C16H30,1.7,222.409,C16H30,,16,30,0,0,0,0,0,,,,,2324.0,1.921
Pentadecanenitrile,4.0,223.397,C15H29N,,15,29,0,1,0,0,0,,,,,2206.0,1.82
1-Nonylcycloheptane,1.1,224.42,C16H32,,16,32,0,0,0,0,0,,,,,2368.0,1.958
"1-Pentadecene, 2-methyl-",1.55,224.42,C16H32,,16,32,0,0,0,0,0,,,,,2368.0,1.958
C16 isoolefins,1.5,224.42,C16H32,,16,32,0,0,0,0,0,,,,,2368.0,1.958
C16H32,1.5,224.42208,C16H32,,16,32,0,0,0,0,0,,,,,2368.0,1.958
C16H32 iso,1.5,224.42208,C16H32,,16,32,0,0,0,0,0,,,,,2368.0,1.958
C16H32 isomers,1.5,224.42208,C16H32,,16,32,0,0,0,0,0,,,,,2368.0,1.958
Cetene,1.5,224.42208,C16H32,,16,32,0,0,0,0,0,,,,,2368.0,1.958
"Cyclopentane, undecyl",1.1,224.42208,C16H32,,16,32,0,0,0,0,0,,,,,2368.0,1.958
Hexadecene,1.5,224.43,C16H32,,16,32,0,0,0,0,0,,,,,2368.0,1.958
1-Hexadecene,1.5,224.43,C16H32,,16,32,0,0,0,0,0,,,,,2368.0,1.958
Hexadecane,1.0,226.4,C16H34,,16,34,0,0,0,0,0,,,,,2412.0,1.996
C16H34,1.0,226.41,C16H34,,16,34,0,0,0,0,0,,,,,2412.0,1.996
C16H34  iso-paraffins,0.9,226.44,C16H34,,16,34,0,0,0,0,0,,,,,2412.0,1.996
C16H34 iso-paraffins,0.9,226.43776,C16H34,,16,34,0,0,0,0,0,,,,,2412.0,1.996
iso-hexadecane,0.9,226.44,C16H34,,16,34,0,0,0,0,0,,,,,2412.0,1.996
C16 isoparaffins,0.9,226.44,C16H34,,16,34,0,0,0,0,0,,,,,2412.0,1.996
Tetradecanoic acid,3.0,228.37,C14H28O2,,14,28,2,0,0,0,0,,,,,1977.0,1.623
"Benzene, (1-methyldecyl)-",2.0,232.4,C7H28,,17,28,0,0,1,0,0,,,,,2384.0,2.099
"Benzene, (1-pentylhexyl)-",2.0,232.4,C17H28,,17,28,0,0,1,0,0,,,,,2384.0,2.099
"Benzene, (e-ethylnonyl)-",2.0,232.4,C17H28,,17,28,0,0,1,0,0,,,,,2384.0,2.099
"Benzene, (1-propyloctyl)-",2.0,232.4,C17H28,,17,28,0,0,1,0,0,,,,,2384.0,2.099
"Benzene, (1-ethylnonyl)-",2.0,232.4,C17H28,,17,28,0,0,1,0,0,,,,,2384.0,2.099
"Benzene, undecyl-",2.0,232.4,C17H28,,17,28,0,0,1,0,0,,,,,2384.0,2.099
"1,5,Diphenyl,1,5-hexadiene",2.02,234.3,C18H18,,18,18,0,0,2,0,0,,,,,2269.0,2.128
"1,5-Diphenyl-1,5-hexadiene",2.02,234.3,C18H18,,18,18,0,0,2,0,0,,,,,2269.0,2.128
"2,5,Diphenyl,1,5-hexadiene",2.02,234.33,C18H18,,18,18,0,0,0,0,0,,,,,2269.0,1.874
"2,5-Diphenyl-1,5-hexadiene",2.02,234.33,C18H18,,18,18,0,0,0,0,0,,,,,2269.0,1.874
"Benzene, 1,1'-(1,5-hexadiene-1,6-diyl)bis-",2.02,234.33,C18H18,,18,18,0,0,2,0,0,,,,,2269.0,2.128
"1,3,6,8-Tetramethylanthracene",2.3,234.33372,C18H18,,18,18,0,0,3,0,0,,,,,2269.0,2.255
"Hex-1-ene,2,5-diphenyl-",2.02,236.4,C18H20,,18,20,0,0,2,0,0,,,,,2313.0,2.165
"1,15-Heptadecadiene",1.7,236.43278,	C17H32,,17,32,0,0,0,0,0,,,,,2471.0,2.047
Heptadecadiene,1.7,236.43278,‎C17H32,,17,32,0,0,0,0,0,,,,,2471.0,2.047
C17H32,1.7,236.436,C17H32,,17,32,0,0,0,0,0,,,,,2471.0,2.047
"Hexane, 3,4-diphenyl-",2.02,238.37,C18H22,,18,22,0,0,1,0,0,,,,,2357.0,2.076
2-Methyl-hexadecene,1.55,238.44846,C17H34,,17,34,0,0,0,0,0,,,,,2515.0,2.085
C17 isoolefins,1.5,238.45,C17H34,,17,34,0,0,0,0,0,,,,,2515.0,2.085
C17H34,1.5,238.44846,C17H34,,17,34,0,0,0,0,0,,,,,2515.0,2.085
C17H34 iso,1.5,238.44846,C17H34,,17,34,0,0,0,0,0,,,,,2515.0,2.085
C17H34 isomers,1.5,238.44846,C17H34,,17,34,0,0,0,0,0,,,,,2515.0,2.085
Heptadecene,1.5,238.44846,C17H34,,17,34,0,0,0,0,0,,,,,2515.0,2.085
1-Heptadecene,1.5,238.45,C17H34,,17,34,0,0,0,0,0,,,,,2515.0,2.085
C17H36  iso-paraffins,0.9,240.46,C17H36,,17,36,0,0,0,0,0,,,,,2559.0,2.122
iso-heptadecane,0.9,240.46,C17H36,,17,36,0,0,0,0,0,,,,,2559.0,2.122
"1,4-Heptadiene",1.7,240.467,C17H36,,17,36,0,0,0,0,0,,,,,2559.0,2.122
C17 isoparaffins,0.9,240.4677,C17H36,,17,36,0,0,0,0,0,,,,,2559.0,2.122
C17H36,1.0,240.4677,C17H36,,17,36,0,0,0,0,0,,,,,2559.0,2.122
Heptadecane,1.0,240.5,C17H36,,17,36,0,0,0,0,0,,,,,2559.0,2.122
"Octane, 3,7-dimethyl-1-(2,5-xylyl)-",2.0,246.4,C18H30,,18,30,0,0,1,0,0,,,,,2531.0,2.225
"Benzene, (1-pentylheptyl)-",2.0,246.4278,C18H30,,18,30,0,0,1,0,0,,,,,2531.0,2.225
"Benzene, dodecyl-",2.0,246.4278,C18H30,,18,30,0,0,1,0,0,,,,,2531.0,2.225
"Benzene, (1-methylundecyl)-",2.0,246.43,C18H30,,18,30,0,0,1,0,0,,,,,2531.0,2.225
"Benzene, (1-ethyldecyl)-",2.0,246.43,C18H30,,18,30,0,0,1,0,0,,,,,2531.0,2.225
"Benzene, (1-propylnonyl)-",2.0,246.43,C18H30,,18,30,0,0,1,0,0,,,,,2531.0,2.225
Octadecadiene,1.7,250.45916,C18H34,,18,34,0,0,0,0,0,,,,,2619.0,2.173
1-Octadecyne,1.5,250.4626,C18H34,,18,34,0,0,0,0,0,,,,,2619.0,2.173
C18H34,1.7,250.4626,C18H34,,18,34,0,0,0,0,0,,,,,2619.0,2.173
Heptadecanenitrile,4.0,251.44732,C17H33N,,17,33,0,1,0,0,0,,,,,2501.0,2.072
"Heptane, 1,1-diphenyl-",2.02,252.39,C19H24,,19,24,0,0,2,0,0,,,,,2504.0,2.329
1-Octadecene,1.5,252.47,C18H36,,18,36,0,0,0,0,0,,,,,2662.0,2.211
C18 isoolefins,1.5,252.47,C18H36,,18,36,0,0,0,0,0,,,,,2662.0,2.211
C18H36,1.5,252.47484,C18H36,,18,36,0,0,0,0,0,,,,,2662.0,2.211
C18H36 iso,1.5,252.47484,C18H36,,18,36,0,0,0,0,0,,,,,2662.0,2.211
C18H36 isomers,1.5,252.47484,C18H36,,18,36,0,0,0,0,0,,,,,2662.0,2.211
Octadecene,1.5,252.47484,C18H36,,18,36,0,0,0,0,0,,,,,2662.0,2.211
Palmitoleic acid,3.0,254.4082,C16H30O2,,16,30,2,0,0,0,0,,,,,2228.0,1.838
"2,4-Hexadiene, 2,3-dimethyl-",1.55,254.49,C18H38,,18,38,0,0,0,0,0,,,,,2706.0,2.248
C18H38  iso-paraffins,0.9,254.49,C18H38,,18,38,0,0,0,0,0,,,,,2706.0,2.248
C18 isoparaffins,0.9,254.494,C18H38,,18,38,0,0,0,0,0,,,,,2706.0,2.248
C18H38,1.0,254.494,C18H38,,18,38,0,0,0,0,0,,,,,2706.0,2.248
C18H38 iso-paraffins,0.9,254.4943,C18H38,,18,38,0,0,0,0,0,,,,,2706.0,2.248
Octadecane,1.0,254.49,C18H38,,18,38,0,0,0,0,0,,,,,2706.0,2.248
n-Hexadecanoic acid,3.0,256.424,C16H32O2,,16,32,2,0,0,0,0,,,,,2272.0,1.876
"Benzene, 1,1',1""-(1-ethanyl-2-ylidene)tris-",2.03,258.36,C20H18,,20,18,0,0,3,0,0,,,,,2476.0,2.432
Styrene Trimer,2.03,258.36,C20H18,,20,18,0,0,3,0,0,,,,,2476.0,2.432
"Benzene, tridecyl-",2.0,260.45418, C19H32,,19,32,0,0,1,0,0,,,,,2679.0,2.352
Benzene (1-methyldodecyl)-,2.0,260.46,C19H32,,19,32,0,0,1,0,0,,,,,2679.0,2.352
"Benzene, (1-ethylundecyl)-",2.0,260.46,C19H32,,19,32,0,0,1,0,0,,,,,2679.0,2.352
"4,5-Diphenylocta-1,7-diene",2.02,262.4,C20H22,,20,22,0,0,2,0,0,,,,,2564.0,2.38
Oleanitrile,4.0,263.45802,C18H33N,,18,33,0,1,0,0,0,,,,,2604.0,2.161
Nonadecadiene,1.7,264.48554,C19H36,,19,36,0,0,0,0,0,,,,,2766.0,2.299
C19H36,1.7,264.489,C19H36,,19,36,0,0,0,0,0,,,,,2766.0,2.299
"Heptane, 2,6-diphenyl-3-methyl-",2.02,266.4,C20H26,,20,26,0,0,2,0,0,,,,,2651.0,2.455
"9-Octadecenal, (Z)-",3.0,266.462,C18H34O,,18,34,1,0,0,0,0,,,,,2571.0,2.132
1-Nonadecene,1.5,266.50122,C19H38,,19,38,0,0,0,0,0,,,,,2810.0,2.337
2-Methyl-1-octadecene,1.5,266.50122,C19H38,,19,38,0,0,0,0,0,,,,,2810.0,2.337
C19 isoolefins,1.5,266.5,C19H38,,19,38,0,0,0,0,0,,,,,2810.0,2.337
C19H38,1.5,266.50122,C19H38,,19,38,0,0,0,0,0,,,,,2810.0,2.337
C19H38 iso,1.5,266.50122,C19H38,,19,38,0,0,0,0,0,,,,,2810.0,2.337
C19H38 isomers,1.5,266.50122,C19H38,,19,38,0,0,0,0,0,,,,,2810.0,2.337
Nonadecene,1.5,266.50122,C19H38,,19,38,0,0,0,0,0,,,,,2810.0,2.337
C19H40  iso-paraffins,0.9,268.52,C19H40,,19,40,0,0,0,0,0,,,,,2853.0,2.374
Nonadecane,1.5,268.5169,C19H40,,19,40,0,0,0,0,0,,,,,2853.0,2.374
Nondecane,1.5,268.5169,C19H40,,19,40,0,0,0,0,0,,,,,2853.0,2.374
C17H36 iso-paraffins,0.9,268.52,C19H40,,19,40,0,0,0,0,0,,,,,2853.0,2.374
C19H38 iso-paraffins,0.9,268.52,C19H40,,19,40,0,0,0,0,0,,,,,2853.0,2.374
C19 isoparaffins,0.9,268.5209,C19H40,,19,40,0,0,0,0,0,,,,,2853.0,2.374
C19H40,1.0,268.5209,C19H40,,19,40,0,0,0,0,0,,,,,2853.0,2.374
C21H22,1.5,274.39718,C21H22,,21,22,0,0,0,0,0,,,,,2667.0,2.215
"1-Propene, 3-(2-cyclopentenyl)-2-methyl-1,1-diphenyl-",2.02,274.4,C21H22,,21,22,0,0,2,0,0,,,,,2667.0,2.469
"Benzene, tetradecyl-",2.0,274.48056,C20H34,,20,34,0,0,1,0,0,,,,,2826.0,2.478
Triphenylphosphine oxide,2.0,278.2849,C18H15OP,,18,15,1,0,3,0,0,,,,,2155.0,2.157
"Benzene, 1,1'(1-(2,2-dimethyl-3-butenyl)-1,3-propanediyl)bis-",2.02,278.4,C21H26,,21,26,0,0,2,0,0,,,,,2755.0,2.544
"1,19-Eicosadiene",1.7,278.51192,	C20H38,,20,38,0,0,0,0,0,,,,,2913.0,2.426
C20H38,1.7,278.51192,C20H38,,20,38,0,0,0,0,0,,,,,2913.0,2.426
Eicosadiene,1.7,278.51192,	C20H38,,20,38,0,0,0,0,0,,,,,2913.0,2.426
Nonadecanenitrile,4.0,279.50008,C19H37N,,19,37,0,1,0,0,0,,,,,2795.0,2.325
3-Eicosene,1.5,280.53,‎C20H40,,20,40,0,0,0,0,0,,,,,2957.0,2.463
C20 isoolefins,1.5,280.53,C20H40,,20,40,0,0,0,0,0,,,,,2957.0,2.463
C20H40 iso,1.5,280.5276,C20H40,,20,40,0,0,0,0,0,,,,,2957.0,2.463
C20H40 isomers,1.5,280.5276,C20H40,,20,40,0,0,0,0,0,,,,,2957.0,2.463
Eicosene,1.5,280.5276,C20H40,,20,40,0,0,0,0,0,,,,,2957.0,2.463
C20H40,1.0,280.5316,C20H40,,20,40,0,0,0,0,0,,,,,2957.0,2.463
9-Octadecenamide,4.0,281.4727,C18H35NO,,18,35,1,1,0,0,0,,,,,2600.0,2.157
"9-Octadecenamide, (Z)-",4.0,281.4727,C18H35NO,,18,35,1,1,0,0,0,,,,,2600.0,2.157
cis-Vaccenic acid,3.0,282.45716,C18H34O2,,18,34,2,0,0,0,0,,,,,2522.0,2.091
2-Nonadecanone,3.0,282.5,C19H38O,,19,38,1,0,0,0,0,,,,,2762.0,2.296
C20H42 iso-paraffins,0.9,282.54,C20H42,,20,42,0,0,0,0,0,,,,,3001.0,2.501
Eicosane,1.0,282.54328,C20H42,,20,42,0,0,0,0,0,,,,,3001.0,2.501
C20 isoparaffins,0.9,282.547,C20H42,,20,42,0,0,0,0,0,,,,,3001.0,2.501
C20H42,1.0,282.547,C20H42,,20,42,0,0,0,0,0,,,,,3001.0,2.501
Octadecanamide,3.5,283.492,C18H37NO,,18,37,1,1,0,0,0,,,,,2644.0,2.195
Octadecanoic acid,3.0,284.47,C18H36O2,,18,36,2,0,0,0,0,,,,,2566.0,2.128
"Benzene, pentadecyl-",2.0,288.51,C21H36,,21,36,0,0,1,0,0,,,,,2973.0,2.604
C21H40,1.7,292.5383,C21H40,,21,40,0,0,0,0,0,,,,,3061.0,2.552
Heneicosadiene,1.7,292.5383,C21H40,,21,40,0,0,0,0,0,,,,,3061.0,2.552
C21 isoolefins,1.5,294.55,C21H42,,21,42,0,0,0,0,0,,,,,3104.0,2.589
C21H42,1.5,294.55398,C21H42,,21,42,0,0,0,0,0,,,,,3104.0,2.589
C21H42 iso,1.5,294.55398,C21H42,,21,42,0,0,0,0,0,,,,,3104.0,2.589
C21H42 isomers,1.5,294.55398,C21H42,,21,42,0,0,0,0,0,,,,,3104.0,2.589
Heneicosene,1.5,294.56,C21H42,,21,42,0,0,0,0,0,,,,,3104.0,2.589
C21H44,1.0,296.56966,C21H44,,21,44,0,0,0,0,0,,,,,3148.0,2.627
C21H44 iso-paraffins,0.9,296.57,C21H44,,21,44,0,0,0,0,0,,,,,3148.0,2.627
Heneicosane,1.0,296.56966,C21H44,,21,44,0,0,0,0,0,,,,,3148.0,2.627
C21 isoparaffins,0.9,296.574,C21H44,,21,44,0,0,0,0,0,,,,,3148.0,2.627
C22 isoparaffins,0.9,296.574,C21H44,,21,44,0,0,0,0,0,,,,,3148.0,2.627
Nonadecanamide,4.0,297.51476,C19H39NO,,19,39,1,1,0,0,0,,,,,2791.0,2.321
Isopropylpalmitate,3.0,298.5038,C19H38O2,,19,38,2,0,0,0,0,,,,,2713.0,2.254
"Benzene, hexadecyl-",2.0,302.5371,C22H38,,22,38,0,0,1,0,0,,,,,3120.0,2.73
C22H42,1.7,306.56468,C22H42,,22,42,0,0,0,0,0,,,,,3208.0,2.678
C22 isoolefins,1.5,308.58,C22H44,,22,44,0,0,0,0,0,,,,,3252.0,2.716
C22H44 iso,1.5,308.58036,C22H44,,22,44,0,0,0,0,0,,,,,3252.0,2.716
C22H44 isomers,1.5,308.58036,C22H44,,22,44,0,0,0,0,0,,,,,3252.0,2.716
C22H44,1.5,308.58,C22H44,,22,44,0,0,0,0,0,,,,,3252.0,2.716
C22H46,1.0,310.59604,C22H46,,22,46,0,0,0,0,0,,,,,3295.0,2.753
C22H46 iso-paraffins,0.9,310.6,C22H46,,22,46,0,0,0,0,0,,,,,3295.0,2.753
C23 isoparaffins,0.9,310.6006,C22H46,,22,46,0,0,0,0,0,,,,,3295.0,2.753
"2,4,6-Triphenyl-1-hexene",2.03,312.4,C24H24,,24,24,0,0,3,0,0,,,,,3022.0,2.9
"Benzene, heptadecyl-",2.0,316.563,C23H40,,23,40,0,0,1,0,0,,,,,3268.0,2.856
C23H44,1.7,320.59106,C23H44,,23,44,0,0,0,0,0,,,,,3355.0,2.804
"Benzene, 1,1'(1,2-bis(2,2-dimethylpropyl)-1,2-ethanediyl)bis-",2.02,322.5,C24H34,,24,34,0,0,2,0,0,,,,,3240.0,2.96
"Benzene, 1,1'-(1,2-bis(2,2-dimethylpropyl)-1,2-ethanediyl)bis-",2.02,322.5,C24H34,,24,34,0,0,2,0,0,,,,,3240.0,2.96
C23H46,1.5,322.6,C23H46,,23,46,0,0,0,0,0,,,,,3399.0,2.842
C23 isoolefin,1.5,322.60674,C23H46,,23,46,0,0,0,0,0,,,,,3399.0,2.842
C23 isoolefins,1.5,322.61,C23H46,,23,46,0,0,0,0,0,,,,,3399.0,2.842
C23H46 iso,1.5,322.60674,C23H46,,23,46,0,0,0,0,0,,,,,3399.0,2.842
C23H46 isomers,1.5,322.60674,C23H46,,23,46,0,0,0,0,0,,,,,3399.0,2.842
C23H48 iso-paraffins,0.9,324.62,C23H48,,23,48,0,0,0,0,0,,,,,3443.0,2.879
C23H48,1.0,324.6272,C23H48,,23,48,0,0,0,0,0,,,,,3443.0,2.879
C24 isoparaffins,0.9,324.6272,C23H48,,23,48,0,0,0,0,0,,,,,3443.0,2.879
"Benzene, 1,1'-(3-(2-phenylethylidene)-1,5-pentanediyl)bis-",2.03,326.47,C25H26,,25,26,0,0,3,0,0,,,,,3169.0,3.026
C25H30 iso,1.5,330.5027,C25H30,,25,30,0,0,0,0,0,,,,,3256.0,2.72
C25H30 isomers,1.5,330.5027,C25H30,,25,30,0,0,0,0,0,,,,,3256.0,2.72
"Benzene, octadecyl-",2.0,330.59,C24H42,,24,42,0,0,1,0,0,,,,,3415.0,2.983
"Benzene, 1,1',1"",1""-(1,2-ethanediylidene)tetrakis-",2.03,334.45,C26H22,,26,22,0,0,4,0,0,,,,,3185.0,3.167
C24H46,1.7,334.61744,C24H46,,24,46,0,0,0,0,0,,,,,3502.0,2.931
C24H48,1.5,336.6,C24H48,,24,48,0,0,0,0,0,,,,,3546.0,2.968
C24 isoolefins,1.5,336.63,C24H48,,24,48,0,0,0,0,0,,,,,3546.0,2.968
C24H48 iso,1.5,336.63312,C24H48,,24,48,0,0,0,0,0,,,,,3546.0,2.968
C24H48 isomers,1.5,336.63312,C24H48,,24,48,0,0,0,0,0,,,,,3546.0,2.968
C24H50,1.0,338.6488,C24H50,,24,50,0,0,0,0,0,,,,,3590.0,3.005
C24H50 iso-paraffins,0.9,338.65,C24H50,,24,50,0,0,0,0,0,,,,,3590.0,3.005
C25 isoparaffins,0.9,338.6538,C24H50,,24,50,0,0,0,0,0,,,,,3590.0,3.005
"Benzene, [6-cyclopentyl-3-(3-cyclopentylpropyl)hexyl]-",2.3,340.6,C25H40,,25,40,0,0,1,0,0,,,,,3475.0,3.034
"Benzene, (3-octylundecyl)-",2.0,344.6,C25H44,,25,44,0,0,1,0,0,,,,,3562.0,3.109
"Benzene, nonadecyl-",2.0,344.62,C25H44,,25,44,0,0,1,0,0,,,,,3562.0,3.109
C25H48,1.7,348.64382,C25H48,,25,48,0,0,0,0,0,,,,,3650.0,3.057
C25 isoolefins,1.5,350.66,C25H50,,25,50,0,0,0,0,0,,,,,3693.0,3.094
C25H50,1.5,350.6595,C25H50,,25,50,0,0,0,0,0,,,,,3693.0,3.094
C25H50 iso,1.5,350.66,C25H50,,25,50,0,0,0,0,0,,,,,3693.0,3.094
C25H50 isomers,1.5,350.6595,C25H50,,25,50,0,0,0,0,0,,,,,3693.0,3.094
C25H52 iso-paraffins,0.9,352.68,C25H52,,25,52,0,0,0,0,0,,,,,3737.0,3.132
C26 isoparaffins,0.9,352.6804,C25H52,,25,52,0,0,0,0,0,,,,,3737.0,3.132
C25H52,1.0,352.7,C25H52,,25,52,0,0,0,0,0,,,,,3737.0,3.132
"Heptadecane, 9-octyl-",2.0,352.7,C25H52,,25,52,0,0,0,0,0,,,,,3737.0,3.132
1-Phenyleicosane,2.0,358.6434,C26H46,,26,46,0,0,1,0,0,,,,,3710.0,3.235
"Benzene, 1,1',1"",1""-(1,2,3,4-butanetetrayl)tetrakis-",2.03,362.51,C28H26,,28,26,0,0,4,0,0,,,,,3480.0,3.419
C26H50,1.7,362.6702,C26H50,,26,50,0,0,0,0,0,,,,,3797.0,3.183
C26 isoolefins,1.5,364.68588,C26H52,,26,52,0,0,0,0,0,,,,,3841.0,3.22
C26H52 iso,1.5,364.68588,C26H52,,26,52,0,0,0,0,0,,,,,3841.0,3.22
C26H52 isomers,1.5,364.68588,C26H52,,26,52,0,0,0,0,0,,,,,3841.0,3.22
C26H52,1.5,364.69,C26H52,,26,52,0,0,0,0,0,,,,,3841.0,3.22
C26H54,1.0,366.70156,C26H54,,26,54,0,0,0,0,0,,,,,3884.0,3.258
C26H54 iso-paraffins,0.9,366.7,C26H54,,26,54,0,0,0,0,0,,,,,3884.0,3.258
C26H56 iso-paraffins,0.9,366.70156,C26H54,,26,54,0,0,0,0,0,,,,,3884.0,3.258
"Cholesta-3,5-diene",1.1,368.6383,C27H44,,27,44,0,0,0,0,0,,,,,3769.0,3.159
"heneicosane, phenyl-",2.0,372.67,C27H48,,27,48,0,0,1,0,0,,,,,3857.0,3.361
C27H52,1.7,376.69658,C27H52,,27,52,0,0,0,0,0,,,,,3944.0,3.309
C27H54,1.5,378.7,C27H54,,27,54,0,0,0,0,0,,,,,3988.0,3.347
C27 isoolefins,1.5,378.71226,C27H54,,27,54,0,0,0,0,0,,,,,3988.0,3.347
C27H54 iso,1.5,378.71,C27H54,,27,54,0,0,0,0,0,,,,,3988.0,3.347
C27H54 isomers,1.5,378.71,C27H54,,27,54,0,0,0,0,0,,,,,3988.0,3.347
"Cyclohexane, 1,3,5-trimethyl-2-octadecyl-",1.1,378.717,C27H54,,27,54,0,0,0,0,0,,,,,3988.0,3.347
C27H56,1.0,380.72794,C27H56,,27,56,0,0,0,0,0,,,,,4032.0,3.384
C27H56 iso-paraffins,0.9,380.73,C27H56,,27,56,0,0,0,0,0,,,,,4032.0,3.384
C27H58 iso-paraffins,0.9,380.72794,C27H56,,27,56,0,0,0,0,0,,,,,4032.0,3.384
C27 isoparaffins,0.9,380.733,C27H56,,27,56,0,0,0,0,0,,,,,4032.0,3.384
"Cholesta-4,6-dien-3-ol, (3β)-",3.0,384.63286,C27H44O,,27,44,1,0,0,0,0,,,,,3721.0,3.118
"Benzene, 1,1',1"",1""-(1,5-hexadiene-1,3,4,6-tetrayl)tetrakis-)",2.04,386.5,	C30H26,,30,26,0,0,4,0,0,,,,,3687.0,3.597
"docosane, phenyl-",2.0,386.7,C28H50,,28,50,0,0,1,0,0,,,,,4004.0,3.487
Diisooctyl phthalate,3.0,390.55072,C24H38O4,,24,38,4,0,1,0,0,,,,,3135.0,2.743
C28H54,1.7,390.72296,C28H54,,28,54,0,0,0,0,0,,,,,4091.0,3.435
C28 isoolefins,1.5,392.74,C28H56,,28,56,0,0,0,0,0,,,,,4135.0,3.473
C28H56,1.5,392.73864,C28H56,,28,56,0,0,0,0,0,,,,,4135.0,3.473
C28H56 iso,1.5,392.73864,C28H56,,28,56,0,0,0,0,0,,,,,4135.0,3.473
C28H56 isomers,1.5,392.73864,C28H56,,28,56,0,0,0,0,0,,,,,4135.0,3.473
C29 isoolefins,1.5,392.73864,C28H56,,28,56,0,0,0,0,0,,,,,4135.0,3.473
C28 isoparaffins,0.9,394.75432,C28H58,,28,58,0,0,0,0,0,,,,,4179.0,3.51
C28H58,1.0,394.75432,C28H58,,28,58,0,0,0,0,0,,,,,4179.0,3.51
C28H58 iso-paraffins,0.9,394.75,C28H58,,28,58,0,0,0,0,0,,,,,4179.0,3.51
Octacosane,1.0,394.75432,C28H58,,28,58,0,0,0,0,0,,,,,4179.0,3.51
C29 isoparaffins,0.9,394.76,C28H58,,28,58,0,0,0,0,0,,,,,4179.0,3.51
"Tricosane, phenyl-",2.0,400.7232,C29H52,,29,52,0,0,1,0,0,,,,,4151.0,3.614
C29H56,1.7,404.74934,C29H56,,29,56,0,0,0,0,0,,,,,4239.0,3.562
"3-Octene, (Z)-",1.5,406.76502,C29H58,,29,58,0,0,0,0,0,,,,,4282.0,3.599
C29H58,1.5,406.76502,C29H58,,29,58,0,0,0,0,0,,,,,4282.0,3.599
C29H58 iso,1.5,406.76502,C29H58,,29,58,0,0,0,0,0,,,,,4282.0,3.599
C29H58 isomers,1.5,406.76502,C29H58,,29,58,0,0,0,0,0,,,,,4282.0,3.599
C31 isoolefins,1.5,406.76502,C29H58,,29,58,0,0,0,0,0,,,,,4282.0,3.599
C29H60,1.0,408.7807,C29H60,,29,60,0,0,0,0,0,,,,,4326.0,3.636
C29H60 iso-paraffins,0.9,408.78,C29H60,,29,60,0,0,0,0,0,,,,,4326.0,3.636
C30 isoparaffins,0.9,408.786,C29H60,,29,60,0,0,0,0,0,,,,,4326.0,3.636
Squalene,1.5,410.71,C30H50,,30,50,0,0,0,0,0,,,,,4211.0,3.538
"tetracosane, phenyl",2.0,414.7498,C30H54,,30,54,0,0,1,0,0,,,,,4299.0,3.74
"2,4,6,8-Tetraphenyl-1-octene",2.03,416.0,C32H32,,32,32,0,0,4,0,0,,,,,4025.0,3.886
C30H58,1.7,418.77572,C30H58,,30,58,0,0,0,0,0,,,,,4386.0,3.688
C30 isoolefins,1.5,420.79,C30H60,,30,60,0,0,0,0,0,,,,,4430.0,3.725
C30H60,1.5,420.7914,C30H60,,30,60,0,0,0,0,0,,,,,4430.0,3.725
C30H60 iso,1.5,420.79,C30H60,,30,60,0,0,0,0,0,,,,,4430.0,3.725
C30H60 isomers,1.5,420.79,C30H60,,30,60,0,0,0,0,0,,,,,4430.0,3.725
Squalane,1.0,422.8,C30H62,,30,62,0,0,0,0,0,,,,,4473.0,3.763
C30H62,1.0,422.80708,C30H62,,30,62,0,0,0,0,0,,,,,4473.0,3.763
C30H62 iso-paraffins,0.9,422.81,C30H62,,30,62,0,0,0,0,0,,,,,4473.0,3.763
C31 isoparaffins,0.9,422.8133,C30H62,,30,62,0,0,0,0,0,,,,,4473.0,3.763
"pentacosane, phenyl-",2.0,428.78,C31H56,,31,55,0,0,1,0,0,,,,,4424.0,3.847
C31H60,1.7,432.8021,C31H60,,31,60,0,0,0,0,0,,,,,4533.0,3.814
C31H62 iso,1.5,434.82,C31H62,,31,62,0,0,0,0,0,,,,,4577.0,3.851
C31H62 isomers,1.5,434.82,C31H62,,31,62,0,0,0,0,0,,,,,4577.0,3.851
C31H62,1.5,434.82,C31H62,,31,62,0,0,0,0,0,,,,,4577.0,3.851
C31H64,1.0,436.83346,C31H64,,31,64,0,0,0,0,0,,,,,4621.0,3.889
C31H64 iso-paraffins,0.9,436.83,C31H64,,31,64,0,0,0,0,0,,,,,4621.0,3.889
C32 isoparaffins,0.9,436.8399,C31H64,,31,64,0,0,0,0,0,,,,,4621.0,3.889
C32H62,1.7,446.8347,C32H62,,32,62,0,0,0,0,0,,,,,4681.0,3.94
C32 isoolefins,1.5,448.84416,C32H64,,32,64,0,0,0,0,0,,,,,4724.0,3.978
C32H64,1.5,448.84416,C32H64,,32,64,0,0,0,0,0,,,,,4724.0,3.978
C32H64 iso,1.5,448.84416,C32H64,,32,64,0,0,0,0,0,,,,,4724.0,3.978
C32H64 isomers,1.5,448.84416,C32H64,,32,64,0,0,0,0,0,,,,,4724.0,3.978
C32H66 iso-paraffins,0.9,450.86,C32H66,,32,66,0,0,0,0,0,,,,,4768.0,4.015
C32H66,1.0,450.8664,C32H66,,32,66,0,0,0,0,0,,,,,4768.0,4.015
C33 isoparaffins,0.9,450.8664,C32H66,,32,66,0,0,0,0,0,,,,,4768.0,4.015
C33H64,1.7,460.8613,C33H64,,33,64,0,0,0,0,0,,,,,4828.0,4.066
C33 isoolefins,1.5,462.87,C33H66,,33,66,0,0,0,0,0,,,,,4872.0,4.104
C33H66,1.5,462.87054,C33H66,,33,66,0,0,0,0,0,,,,,4872.0,4.104
C33H66 iso,1.5,462.87,C33H66,,33,66,0,0,0,0,0,,,,,4872.0,4.104
C33H66 isomers,1.5,462.87,C33H66,,33,66,0,0,0,0,0,,,,,4872.0,4.104
C33H68 iso-paraffins,0.9,464.89,C33H68,,33,68,0,0,0,0,0,,,,,4915.0,4.141
C33H68,1.0,464.893,C33H68,,33,68,0,0,0,0,0,,,,,4915.0,4.141
C34 isoparaffins,0.9,464.893,C33H68,,33,68,0,0,0,0,0,,,,,4915.0,4.141
C34H66,1.7,474.88124,C34H66,,34,66,0,0,0,0,0,,,,,4975.0,4.193
C34 isoolefins,1.5,476.9,C34H68,,34,68,0,0,0,0,0,,,,,5019.0,4.23
C34H68,1.5,476.89692,C34H68,,34,68,0,0,0,0,0,,,,,5019.0,4.23
C34H68 iso,1.5,476.89692,C34H68 ,,34,68,0,0,0,0,0,,,,,5019.0,4.23
C34H70,1.0,478.9126,C34H70,,34,70,0,0,0,0,0,,,,,5062.0,4.268
C34H70 iso-paraffins,0.9,478.9126,C34H70,,34,70,0,0,0,0,0,,,,,5062.0,4.268
"Cholestane-3,5-diol, 5-acetate, (3β,5α)-",3.0,488.73538,C31H52O4,,31,52,4,0,0,0,0,,,,,4166.0,3.499
C35H68,1.7,488.90762,C35H68,,35,68,0,0,0,0,0,,,,,5122.0,4.319
C35 isoolefins,1.5,490.9233,C35H70,,35,70,0,0,0,0,0,,,,,5166.0,4.356
C35H70,1.5,490.9233,C35H70,,35,70,0,0,0,0,0,,,,,5166.0,4.356
C35H70 iso,1.5,490.9233,C35H70,,35,70,0,0,0,0,0,,,,,5166.0,4.356
C35 isoparaffins,0.9,492.93898,C35H72,,35,72,0,0,0,0,0,,,,,5210.0,4.394
C35H72 iso-paraffins,0.9,492.93898,C35H72,,35,72,0,0,0,0,0,,,,,5210.0,4.394
C35H72,1.0,492.9462,C35H72,,35,72,0,0,0,0,0,,,,,5210.0,4.394
C36H72,1.5,504.95,C36H72,,36,72,0,0,0,0,0,,,,,5313.0,4.483
C36H74,1.0,506.97,C36H74,,36,74,0,0,0,0,0,,,,,5357.0,4.52
C36H74 iso-paraffins,0.9,506.96536,C36H74,,36,74,0,0,0,0,0,,,,,5357.0,4.52
C37H74,1.5,518.98,C37H74,,37,74,0,0,0,0,0,,,,,5461.0,4.609
C37H76,1.0,520.99,C37H76,,37,76,0,0,0,0,0,,,,,5504.0,4.646
C38H76,1.5,533.0,C38H76,,38,76,0,0,0,0,0,,,,,5608.0,4.735
C38H78,1.0,535.02,C38H78,,38,78,0,0,0,0,0,,,,,5652.0,4.772
C39H78,1.5,547.03,C39H78,,39,78,0,0,0,0,0,,,,,5755.0,4.861
C39H80,1.0,549.04,C39H80,,39,80,0,0,0,0,0,,,,,5799.0,4.899
C40H80,1.5,561.06,C40H80,,40,80,0,0,0,0,0,,,,,5902.0,4.987
C40H82,1.0,563.07,C40H82,,40,82,0,0,0,0,0,,,,,5946.0,5.025
C41H82,1.5,575.08,C41H82,,41,82,0,0,0,0,0,,,,,6050.0,5.114
C41H84,1.0,577.1,C41H84,,41,84,0,0,0,0,0,,,,,6093.0,5.151
C42H84,1.5,589.11,C42H84,,42,84,0,0,0,0,0,,,,,6197.0,5.24
C42H86,1.0,591.12,C42H86,,42,86,0,0,0,0,0,,,,,6241.0,5.277
C43H86,1.5,603.13,C43H86,,43,86,0,0,0,0,0,,,,,6344.0,5.366
C43H88,1.0,605.15,C43H88,,43,88,0,0,0,0,0,,,,,6388.0,5.403
C44H88,1.5,617.16,C44H8,,44,88,0,0,0,0,0,,,,,6491.0,5.492
C44H90,1.0,619.18,C44H90,,44,90,0,0,0,0,0,,,,,6535.0,5.53
C45H90,1.5,631.19,C45H90,,45,90,0,0,0,0,0,,,,,6639.0,5.618
C45H92,1.0,633.2,C45H92,,45,92,0,0,0,0,0,,,,,6682.0,5.656
C46H92,1.5,645.21,C46H92,,46,92,0,0,0,0,0,,,,,6786.0,5.745
C46H94,1.0,647.23,C46H94,,46,94,0,0,0,0,0,,,,,6830.0,5.782
C47H94,1.5,659.24,C47H94,,47,94,0,0,0,0,0,,,,,6933.0,5.871
C47H96,1.0,661.26,C47H96,,47,96,0,0,0,0,0,,,,,6977.0,5.908
C48H96,1.5,673.27,C48H96,,48,96,0,0,0,0,0,,,,,7081.0,5.997
C48H98,1.0,675.28,C48H98,,48,98,0,0,0,0,0,,,,,7124.0,6.034
C49H98,1.5,687.29,C49H98,,49,98,0,0,0,0,0,,,,,7228.0,6.123
C49H100,1.0,689.31,C49H100,,49,100,0,0,0,0,0,,,,,7272.0,6.161
C50H100,1.5,701.32,C50H100,,50,100,0,0,0,0,0,,,,,7375.0,6.249
C50H102,1.0,703.33,C50H102,,50,102,0,0,0,0,0,,,,,7419.0,6.287
C51H102,1.5,715.35,C51H102,,51,102,0,0,0,0,0,,,,,7522.0,6.376
C51H104,1.0,717.36,C51H104,,51,104,0,0,0,0,0,,,,,7566.0,6.413
C52H104,1.5,729.37,C52H104,,52,104,0,0,0,0,0,,,,,7670.0,6.502
C52H106,1.0,731.39,C52H106,,52,106,0,0,0,0,0,,,,,7713.0,6.539
C53H106,1.5,743.4,C53H106,,53,106,0,0,0,0,0,,,,,7817.0,6.628
C53H108,1.0,745.41,C53H108,,53,108,0,0,0,0,0,,,,,7861.0,6.666
C54H108,1.5,757.42,C54H108,,54,108,0,0,0,0,0,,,,,7964.0,6.754
C54H110,1.0,759.44,C54H110,,54,110,0,0,0,0,0,,,,,8008.0,6.792
C55H110,1.5,771.45,C55H110,,55,110,0,0,0,0,0,,,,,8111.0,6.881
C55H112,1.0,773.47,C55H112,,55,112,0,0,0,0,0,,,,,8155.0,6.918
C56H112,1.5,785.48,C56H112,,56,112,0,0,0,0,0,,,,,8259.0,7.007
C56H114,1.0,787.49,C56H114,,56,114,0,0,0,0,0,,,,,8302.0,7.044
C57H114,1.5,799.5,C57H114,,57,114,0,0,0,0,0,,,,,8406.0,7.133
C57H116,1.0,801.52,C57H116,,57,116,0,0,0,0,0,,,,,8450.0,7.17
C58H116,1.5,813.53,C58H116,,58,116,0,0,0,0,0,,,,,8553.0,7.259
C58H118,1.0,815.55,C58H118,,58,118,0,0,0,0,0,,,,,8597.0,7.297
C59H118,1.5,827.56,C59H118,,59,118,0,0,0,0,0,,,,,8701.0,7.385
C59H120,1.0,829.57,C59H120,,59,120,0,0,0,0,0,,,,,8744.0,7.423
C60H120,1.5,841.58,C60H120,,60,120,0,0,0,0,0,,,,,8848.0,7.512
C60H122,1.0,843.6,C60H122,,60,122,0,0,0,0,0,,,,,8892.0,7.549
C61H122,1.5,855.61,C61H122,,61,122,0,0,0,0,0,,,,,8995.0,7.638
C61H124,1.0,857.62,C61H124,,61,124,0,0,0,0,0,,,,,9039.0,7.675
C62H124,1.5,869.64,C62H124,,62,124,0,0,0,0,0,,,,,9142.0,7.764
C62H126,1.0,871.65,C62H126,,62,126,0,0,0,0,0,,,,,9186.0,7.801
C36H70,1.7,502.934,,,36,70,0,0,0,0,0,,,,,5270.0,4.445
": Glutaric acid, ethyl 2-propylpentyl ester",3.0,272.2,C15H28O4,,15,28,4,0,0,0,0,,,,,1984.0,1.629
"Glutaric acid, butyl 2-ethylhexyl ester",3.0,300.23,C17H32O4,,17,32,4,0,0,0,0,,,,,2279.0,1.882
4-(Decyloxy)benzoic acid,3.0,278.19,C17H26O3,,17,26,3,0,0,0,0,,,,,2196.0,1.811
"Glutaric acid, di(2-ethylhexyl) ester",3.0,356.29,C21H40O4,,21,40,4,0,0,0,0,,,,,2868.0,2.387
"Octanoic acid, 2-ethylhexyl ester",3.0,256.4241,C16H32O2,,16,32,2,0,0,0,0,,,,,2272.0,1.876
"Cyclopropane, 1-methyl-2-pentyl-",3.0,126.14,C9H18,,9,18,0,0,0,0,0,,,,,1337.0,1.075
"Acetic acid, 2-ethylhexyl ester",3.0,172.15,C10H20O2,,10,20,2,0,0,0,0,,,,,1388.0,1.118
2-Ethylhexyl acrylate,3.0,184.15,C11H20O2,,11,20,2,0,0,0,0,,,,,1492.0,1.207
"Cyclohexane, hexyl-",1.5,168.19,C12H24,,12,24,0,0,0,0,0,,,,,1779.0,1.453
2-Ethylhexyl methacrylate,3.0,198.16,C12H22O2,,12,22,2,0,0,0,0,,,,,1639.0,1.333
"Cyclopentanecarboxylic acid, 2-ethylhexyl ester",3.0,226.19,C14H26O2,,14,26,2,0,0,0,0,,,,,1933.0,1.586
C21H42O2,3.0,326.32,C21H42O2,,21,42,2,0,0,0,0,,,,,3008.0,2.507
7-Hexyltridecan-1-ol,3.0,284.31,C19H40O,,19,40,1,0,0,0,0,,,,,2805.0,2.333
"1,2-Benzenedicarboxylic acid",2.0,166.13,C8H6O4,,8,6,4,0,1,0,0,,,,,779.0,0.723
(E)-9-Octadecenoic acid ethyl ester,3.0,310.5,C20H38O2,,20,38,2,0,0,0,0,,,,,2817.0,2.343
"Octadecanoic acid, 2-(2-hydroxyethoxy)ethyl ester",3.0,372.58,C22H44O4,,22,44,4,0,0,0,0,,,,,3059.0,2.55
"Hexanedioic acid, dioctyl ester",3.0,370.57,C22H42O4,,22,42,4,0,0,0,0,,,,,3015.0,2.513
Bis(2-ethylhexyl) phthalate,2.0,390.6,C24H38O4,,24,38,4,0,1,0,0,,,,,3135.0,2.743
"1,3-Benzenedicarboxylic acid, bis(2-ethylhexyl) ester",2.0,390.56,C24H38O4,,24,38,4,0,1,0,0,,,,,3135.0,2.743
"Phthalic acid, nonyl pentadecyl ester",2.0,502.8,C32H54O4,,32,54,4,0,1,0,0,,,,,4313.0,3.752
"Di-3,7-dimethyl-1-octyl phthalate",2.0,390.6,C24H38O4,,24,38,4,0,1,0,0,,,,,3135.0,2.743
"Heptane, 3-chloro-3-methyl-",7.0,148.67,C8H17Cl,,8,17,0,0,0,1,0,,,,,1184.0,0.944
"Benzene, 1,3-diethenyl-",2.0,130.19,C10H10,,10,10,0,0,1,0,0,,,,,1266.0,1.141
"Phenanthrene, 1,2,3,4-tetrahydro-",2.3,182.26,C14H14,,14,14,0,0,2,0,0,,,,,1767.0,1.698
11H-Benzo[b]fluorene,2.3,216.28,C17H12,,17,12,0,0,3,0,0,,,,,2034.0,2.054
Triphenylene,2.3,228.3,C18H12,,18,12,0,0,0,0,0,,,,,2138.0,1.761
"Heptane, 3-(chloromethyl)-",7.0,148.67,C8H17Cl,,8,17,0,0,0,1,0,,,,,1184.0,0.944
"1-Hexanol, 2-ethyl-",3.0,130.23,C8H18O,,8,18,1,0,0,0,0,,,,,1185.0,0.945
"Octane, 1-chloro-",7.0,148.67,C8H17Cl,,8,18,0,0,0,1,0,,,,,1206.0,0.963
"2-Decene, 7-methyl-, (Z)-",1.55,154.29,C11H22,,11,22,0,0,0,0,0,,,,,1632.0,1.327
"1-Undecene, 8-methyl-",1.55,168.32,C12H24,,12,24,0,0,0,0,0,,,,,1779.0,1.453
"2-Undecene, 8-methyl-, (Z)-",1.55,168.32,C12H24,,12,24,0,0,0,0,0,,,,,1779.0,1.453
"1-Pentanol, 4-methyl-2-propyl-",3.0,144.25,C9H20O,,9,20,1,0,0,0,0,,,,,1333.0,1.071
1-chlorodecane,7.0,176.72,C10H21Cl,,10,21,0,0,0,1,0,,,,,1479.0,1.196
1-chloroundecane,7.0,190.75,C11H23Cl,,11,23,0,0,0,1,0,,,,,1626.0,1.322
Dibutyl phthalate,2.0,278.34,C16H22O4,,16,22,4,0,1,0,0,,,,,1957.0,1.733
"Terephthalic acid, di(2-chloroethyl) ester",7.0,291.12,C12H12Cl2O4,,12,12,4,0,1,2,0,,,,,1269.0,1.144
"1,4-Benzenedicarboxylic acid, bis(2-ethylhexyl) ester",2.0,390.6,C24H38O4,,24,38,4,0,1,0,0,,,,,3135.0,2.743
Didecan-2-yl phthalate,2.0,446.7,C28H46O4,,28,46,4,0,1,0,0,,,,,3724.0,3.247
"Nonane, 1-chloro",7.0,162.7,C9H19Cl,,9,19,0,0,0,1,0,,,,,1331.0,1.07
"3-Nonene, 2-methyl-",1.55,140.27,C10H20O2,,10,20,0,0,0,0,0,,,,,1484.0,1.201
"1-Heptanol, 2-propyl-",3.0,158.28,C10H22O,,10,22,1,0,0,0,0,,,,,1480.0,1.197
"Phthalic acid, butyl tetradecyl ester",2.0,418.6,C26H42O4,,26,42,4,0,1,0,0,,,,,3429.0,2.995
i-Propyl 16-methyl-heptadecanoate,3.0,326.6,C21H42O2,,21,42,2,0,0,0,0,,,,,3008.0,2.507
"1-Octene, 3,7-dimethyl-",1.55,140.27,C10H20,,10,20,0,0,0,0,0,,,,,1484.0,1.201
Propanal,3.0,58.08,C3H6O,,3,6,1,0,0,0,0,,,,,405.0,0.276
"Butane, 1-chloro-",7.0,92.57,C4H9Cl,,4,9,0,0,0,1,0,,,,,595.0,0.439
"Propane, 1,1-dimethoxy-",3.0,104.15,C5H12O2,,5,12,2,0,0,0,0,,,,,695.0,0.525
Methyl methacrylate,3.0,100.12,C5H8O2,,5,8,2,0,0,0,0,,,,,608.0,0.45
"2-Butene, 1-chloro-3-methyl-",7.0,104.58,C5H9Cl,,5,9,0,0,0,1,0,,,,,699.0,0.528
Cyclopentanone,3.0,84.12,C5H8O,,5,8,1,0,0,0,0,,,,,656.0,0.491
"1-Hexene, 6-chloro-",7.0,118.6,C6H11Cl,,6,11,0,0,0,1,0,,,,,846.0,0.654
5-Hexen-1-ol,3.0,100.16,C6H12O,,6,12,1,0,0,0,0,,,,,847.0,0.655
"Hexane, 1,6-dichloro-",7.0,155.06,C6H12Cl2,,6,12,0,0,0,2,0,,,,,840.0,0.649
2-Oxepanone,3.0,114.14,C6H10O2,,6,10,2,0,0,0,0,,,,,755.0,0.576
"4-Undecene, 10-methyl-, (E)-",1.55,168.32,C12H24,,12,24,0,0,0,0,0,,,,,1779.0,1.453
"Hexanedioic acid, bis(2-chloroethyl) ester",7.0,271.13,C10H16Cl2O4,,10,16,4,0,0,2,0,,,,,1149.0,0.914
Hexanediol dodecanedioate,3.0,320.42,C16H32O6,,16,32,6,0,0,0,0,,,,,2079.0,1.711
1-Butanol,3.0,74.12,C4H10O,,4,10,1,0,0,0,0,,,,,596.0,0.44
"3-Octene, 2,2-dimethyl-",1.55,140.27,C10H20,,10,20,0,0,0,0,0,,,,,1484.0,1.201
"1,10-Dichlorodecane",7.0,211.17,C10H20Cl2,,10,20,0,0,0,2,0,,,,,1429.0,1.154
"3-Octene, 2,6-dimethyl-",1.55,140.27,C10H20,,10,20,0,0,0,0,0,,,,,1484.0,1.201
"3-Octene, 4-ethyl-",1.55,140.27,C10H20,,10,20,0,0,0,0,0,,,,,1484.0,1.201
"Octadecanoic acid, 2-methylpropyl ester",3.0,340.58,C22H44O2,,22,44,2,0,0,0,0,,,,,3155.0,2.633
"1-Octene, 6-methyl-",1.55,126.24,C9H18,,9,18,0,0,0,0,0,,,,,1337.0,1.075
"3-Heptene, 4-ethyl-",1.55,127.24,C9H19,,9,18,0,0,0,0,0,,,,,1337.0,1.075
"1-Heptanol, 6-methyl-",3.0,130.23,C8H18O,,8,18,1,0,0,0,0,,,,,1185.0,0.945
"Isophthalic acid, 2-chloroethyl ethyl ester",2.0,256.68,C12H13ClO4,,12,13,4,0,1,1,0,,,,,1318.0,1.186
"4,5-Dichloro-2-octyl-3(2H)-isothiazolone",5.0,282.2,C11H17Cl2NOS,,11,17,1,1,0,2,1,,,,,1501.0,1.216
Di-isononyl phthlate,2.0,418.6,C26H42O4,,26,42,4,0,1,0,0,,,,,3429.0,2.995
"Phthalic acid, decyl nonyl ester",2.0,432.6,C27H44O4,,27,44,4,0,1,0,0,,,,,3577.0,3.121
2-Methyl-1-undecanol,3.0,186.33,C12H26O,,12,26,1,0,0,0,0,,,,,1774.0,1.45
"Phthalic acid, decyl dec-2-yl ester",2.0,446.66,C28H46O4,,28,46,4,0,0,0,0,,,,,3724.0,3.12
(2-Aziridinylethyl)amine,4.0,86.14,C4H10N2,,4,10,0,2,0,0,0,,,,,659.0,0.494
Benzyl chloride,2.0,126.58,C7H7Cl,,7,7,0,0,1,1,0,,,,,862.0,0.795
"1-Nonanol, 4,8-dimethyl-",3.0,172.31,C11H24O,,11,24,1,0,0,0,0,,,,,1627.0,1.323
"2,2,4-Trimethyl-1,3-pentanediol diisobutyrate",3.0,286.41,C16H30O4,,16,30,4,0,0,0,0,,,,,2132.0,1.756
"1,2-Benzenedicarboxylic acid, bis(2-methylpropyl) ester",2.0,278.34,C16H22O4,,16,22,4,0,1,0,0,,,,,1957.0,1.733
"Benzoic acid, dec-2-yl ester",2.0,262.39,C17H26O2,,17,26,2,0,1,0,0,,,,,2244.0,1.979
"1,4-Benzenedicarboxylic acid, bis(2-methylpropyl) ester",2.0,278.34,C16H22O4,,16,22,4,0,1,0,0,,,,,1957.0,1.733
Benzyl butyl phthalate,2.0,312.4,C19H20O4,,19,20,4,0,2,0,0,,,,,2224.0,2.089
"Phthalic acid, 4,4-dimethylpent-2-yl heptyl ester",2.0,320.4,C19H28O4,,19,28,4,0,1,0,0,,,,,2399.0,2.112
1-Nonanol,3.0,144.25,C9H20O,,9,20,1,0,0,0,0,,,,,1333.0,1.071
"Phthalic acid, 2-methylbutyl pentyl ester",2.0,306.4,C18H26O4,,18,26,4,0,1,0,0,,,,,2251.0,1.985
"1,2-Benzenedicarboxylic acid, diheptyl ester",2.0,362.5,C22H34O4,,22,34,4,0,1,0,0,,,,,2840.0,2.49
"1,2-Benzenedicarboxylic acid, dinonyl ester",2.0,418.61,C26H42O4,,26,42,4,0,1,0,0,,,,,3429.0,2.995
"Hexane, 3-chloro-3-methyl-",7.0,134.65,C7H15Cl,,7,15,0,0,0,1,0,,,,,1037.0,0.818
"Dodecane, 1-chloro-",7.0,204.78,C12H25Cl,,12,25,0,0,0,1,0,,,,,1773.0,1.449
Diisoheptyl phthalate,3.0,362.5,C22H34O4,,22,34,4,0,1,0,0,,,,,2840.0,2.49
Di-isononyl phthalate,3.0,418.61,C26H42O4,,26,42,4,0,1,0,0,,,,,3429.0,2.995
Propane,1.0,44.097,C3H8,,3,8,0,0,0,0,0,,,,,497.0,0.355
"2-Pentene, 3-methyl-, (Z)-",1.5,84.1595,C6H12,,6,12,0,0,0,0,0,,,,,895.0,0.696
": 1,3-Pentadiene, 2-methyl-, (E)-",1.7,82.1436,C6H10,,6,10,0,0,0,0,0,,,,,852.0,0.659
"2-Hexene, 2-methyl-",1.55,98.1861,C7H14,,7,14,0,0,0,0,0,,,,,1042.0,0.822
3-Ethyl-4-methyl-2-pentene,1.55,112.2126,C8H16,,8,16,0,0,0,0,0,,,,,1190.0,0.949
"3-Hexene, 2,5-dimethyl-",1.55,112.2126,C8H16,,8,16,0,0,0,0,0,,,,,1190.0,0.949
"Cyclohexane, 1,3,5-trimethyl-, (1α,3α,5α)-",1.55,126.2392,C9H18,,9,18,0,0,0,0,0,,,,,1337.0,1.075
C9H18,1.55,126.23742,C9H18,,9,18,0,0,0,0,0,,,,,1337.0,1.075
C63H126,1.55,883.66194,C63H126,,63,126,0,0,0,0,0,,,,,9290.0,7.89
C66H132,1.55,925.74108,C66H132,,66,132,0,0,0,0,0,,,,,9731.0,8.269
C69H138,1.55,967.82,C69H138,,69,138,0,0,0,0,0,,,,,10173.0,8.647
C72H144,1.55,1009.9,C72H144,,72,144,0,0,0,0,0,,,,,10615.0,9.026
C75H150,1.55,1051.9785,C75H150,,75,150,0,0,0,0,0,,,,,11057.0,9.405
C78H156,1.55,1094.05764,C78H156,,78,156,0,0,0,0,0,,,,,11499.0,9.783
C10H20,1.55,140.2638,C10H20,,10,20,0,0,0,0,0,,,,,1484.0,1.201
C9H18 branched,1.55,126.23742,C9H18,,9,18,0,0,0,0,0,,,,,1337.0,1.075
C10H20 branched,1.55,140.2638,C10H20,,10,20,0,0,0,0,0,,,,,1484.0,1.201
C11H22 branched,1.55,154.29018,C11H22,,11,22,0,0,0,0,0,,,,,1632.0,1.327
C12H24 branched,1.55,168.31656,C12H24,,12,24,0,0,0,0,0,,,,,1779.0,1.453
C13H26 branched,1.55,182.34294,C13H26,,13,26,0,0,0,0,0,,,,,1926.0,1.58
C14H28 branched,1.55,196.36932,C14H28,,14,28,0,0,0,0,0,,,,,2073.0,1.706
C15H30 branched,1.55,210.3957,C15H30,,15,30,0,0,0,0,0,,,,,2221.0,1.832
C16H32 branched,1.55,224.42208,C16H32,,16,32,0,0,0,0,0,,,,,2368.0,1.958
C17H34 branched,1.55,238.44846,C17H34,,17,34,0,0,0,0,0,,,,,2515.0,2.085
C18H36 branched,1.55,252.47484,C18H36,,18,36,0,0,0,0,0,,,,,2662.0,2.211
C19H38 branched,1.55,266.50122,C19H38,,19,38,0,0,0,0,0,,,,,2810.0,2.337
C20H40 branched,1.55,280.5276,C20H40,,20,40,0,0,0,0,0,,,,,2957.0,2.463
C21H42 branched,1.55,294.55398,C21H42,,21,42,0,0,0,0,0,,,,,3104.0,2.589
C22H44 branched,1.55,308.58036,C22H44,,22,44,0,0,0,0,0,,,,,3252.0,2.716
C23H46 branched,1.55,322.60674,C23H46,,23,46,0,0,0,0,0,,,,,3399.0,2.842
C24H48 branched,1.55,336.63312,C24H48,,24,48,0,0,0,0,0,,,,,3546.0,2.968
C25H50 branched,1.55,350.6595,C25H50,,25,50,0,0,0,0,0,,,,,3693.0,3.094
C26H52 branched,1.55,364.68588,C26H52,,26,52,0,0,0,0,0,,,,,3841.0,3.22
C27H54 branched,1.55,378.71226,C27H54,,27,54,0,0,0,0,0,,,,,3988.0,3.347
C28H56 branched,1.55,392.73864,C28H56,,28,56,0,0,0,0,0,,,,,4135.0,3.473
C29H58 branched,1.55,406.76502,C29H58,,29,58,0,0,0,0,0,,,,,4282.0,3.599
C30H60 branched,1.55,420.7914,C30H60,,30,60,0,0,0,0,0,,,,,4430.0,3.725
C31H62 branched,1.55,434.81778,C31H62,,31,62,0,0,0,0,0,,,,,4577.0,3.851
C32H64 branched,1.55,448.84416,C32H64,,32,64,0,0,0,0,0,,,,,4724.0,3.978
C33H66 branched,1.55,462.87054,C33H66,,33,66,0,0,0,0,0,,,,,4872.0,4.104
C34H68 branched,1.55,476.89692,C34H68,,34,68,0,0,0,0,0,,,,,5019.0,4.23
C35H70 branched,1.55,490.9233,C35H70,,35,70,0,0,0,0,0,,,,,5166.0,4.356
C36H72 branched,1.55,504.94968,C36H72,,36,72,0,0,0,0,0,,,,,5313.0,4.483
C39H78 branched,1.55,547.02882,C39H78,,39,78,0,0,0,0,0,,,,,5755.0,4.861
C42H84 branched,1.55,589.10796,C42H84,,42,84,0,0,0,0,0,,,,,6197.0,5.24
C45H90 branched,1.55,631.1871,C45H90,,45,90,0,0,0,0,0,,,,,6639.0,5.618
C48H96 branched,1.55,673.26624,C48H96,,48,96,0,0,0,0,0,,,,,7081.0,5.997
C51H102 branched,1.55,715.34538,C51H102,,51,102,0,0,0,0,0,,,,,7522.0,6.376
C54H108 branched,1.55,757.42452,C54H108,,54,108,0,0,0,0,0,,,,,7964.0,6.754
C57H114 branched,1.55,799.50366,C57H114,,57,114,0,0,0,0,0,,,,,8406.0,7.133
C60H120 branched,1.55,841.5828,C60H120,,60,120,0,0,0,0,0,,,,,8848.0,7.512
C63H126 branched,1.55,883.66194,C63H126,,63,126,0,0,0,0,0,,,,,9290.0,7.89
C7H14 branched,1.55,98.18,C7H14,,7,14,0,0,0,0,0,,,,,1042.0,0.822
C19H40 iso-paraffins,0.9,268.5169,C19H40,,19,40,0,0,0,0,0,,,,,2853.0,2.374
"Benzene, 1-propenyl-, (e)-",2.0,118.1757,C9H10,,9,10,0,0,1,0,0,,,,,1162.0,1.052
"Benzene, 1-propenyl",2.0,118.1757,C9H10,,9,10,0,0,1,0,0,,,,,1162.0,1.052
"Benzene, cyclopropyl-",2.0,118.1757,C9H10,,9,10,0,0,1,0,0,,,,,1162.0,1.052
"1-Butene, 2,4-diphenyl",2.2,208.3,C16H16,,16,16,0,0,2,0,0,,,,,2018.0,1.913
Diphenylacetylene,2.2,178.08,C14H10,,14,10,0,0,2,0,0,,,,,1680.0,1.623
"1,1'-Biphenyl, 2-methyl-",2.2,168.23,C13H12,,13,12,0,0,2,0,0,,,,,1620.0,1.572
diphenyl,2.2,154.21,C12H10,,12,10,0,0,2,0,0,,,,,1473.0,1.445
o-Cymene,2.0,134.22,C10H14,,10,14,0,0,1,0,0,,,,,1353.0,1.216
Naphthacene,2.3,228.2879,C18H12,,18,12,0,0,4,0,0,,,,,2138.0,2.269
ethane,1.0,30.07,C2H6,,2,6,0,0,0,0,0,,,,,350.0,0.229
"2-Pentene, (Z)-",1.5,70.1329,C5H10,,5,10,0,0,0,0,0,,,,,748.0,0.57
"2-Pentene, 3,4-dimethyl-, (Z)-",1.5,98.1861, C7H14,,7,14,0,0,0,0,0,,,,,1042.0,0.822
"Pentane, 2,2,4-trimethyl-",0.9,114.2285,C8H18,,8,18,0,0,0,0,0,,,,,1233.0,0.986
Cyclooctane,1.1,112.2126,C8H16,,8,16,0,0,0,0,0,,,,,1190.0,0.949
"2,2-Dimethyl-3-heptene trans",1.55,126.23, C9H18,,9,18,0,0,0,0,0,,,,,1337.0,1.075
"2,4-dimethylhept-1-ene",1.55,126.24,C9H18,,9,18,0,0,0,0,0,,,,,1337.0,1.075
Propylcyclohexane,1.1,126.24,C9H18,,9,18,0,0,0,0,0,,,,,1337.0,1.075
γ-Terpinene,1.1,136.23,C10H16,,10,16,0,0,0,0,0,,,,,1397.0,1.126
"1,3-Cyclohexadiene, 1-methyl-4-(1-methylethyl)-",1.1,136.23,C10H16,,10,16,0,0,0,0,0,,,,,1397.0,1.126
C21H42 brached,1.55,294.55,C21H42,,21,42,0,0,0,0,0,,,,,3104.0,2.589
C8H16 branched,1.55,112.21,C8H16,,8,16,0,0,0,0,0,,,,,1190.0,0.949
"1,3-Cycloheptadiene",1.7,94.1543,C7H10,,7,10,0,0,0,0,0,,,,,955.0,0.748
"Cyclohexane, 1,2-dimethyl- (cis/trans)",1.1,112.2126,C8H16,,8,16,0,0,0,0,0,,,,,1190.0,0.949
C32H64 bracnhed,1.55,448.84,C32H64,,32,64,0,0,0,0,0,,,,,4724.0,3.978
"2,3-Dimethyl-1-hexene",1.55,112.21,C8H16,,8,16,0,0,0,0,0,,,,,1190.0,0.949
"1,5-Heptadiene, 3,6-dimethyl-",1.7,124.22,C9H16,,9,16,0,0,0,0,0,,,,,1293.0,1.037
"2,4,6-Trimethyl-1-heptene",1.55,140.26,C10H20,,10,20,0,0,0,0,0,,,,,1484.0,1.201
C10H18 dienes,1.7,138.25,C10H18,,10,18,0,0,0,0,0,,,,,1441.0,1.164
C11H24 isoparaffins,0.9,156.31,C11H24,,11,24,0,0,0,0,0,,,,,1675.0,1.365
C12H22 diolefins,1.7,166.3,C12H22,,12,22,0,0,0,0,0,,,,,1735.0,1.416
C13H24 dioelfins,1.7,180.33,C13H24,,13,24,0,0,0,0,0,,,,,1882.0,1.542
C37H72,1.7,516.96,C37H72,,37,72,0,0,0,0,0,,,,,5417.0,4.571
C38H76 branched,1.55,533.0,C38H76,,38,76,0,0,0,0,0,,,,,5608.0,4.735
C40H38,1.7,518.73,C40H38,,40,38,0,0,0,0,0,,,,,4985.0,4.201
"1,5-Heptadiene, 3,3,6-trimethyl-",1.7,138.25,C10H18,,10,18,0,0,0,0,0,,,,,1441.0,1.164
"Cyclohexanol, 2-methyl-, trans-",3.0,114.19,C7H14O,,7,14,1,0,0,0,0,,,,,994.0,0.781
trans-3-Decene,1.5,140.27,C10H20,,10,20,0,0,0,0,0,,,,,1484.0,1.201
"Benzoic acid, 2-ethylhexyl ester",2.0,250.33,C15H22O3,,15,22,3,0,1,0,0,,,,,1901.0,1.685
Propene,1.5,42.081,C3H6,,3,6,0,0,0,0,0,,,,,453.0,0.318
Naphthalene,2.2,128.1705,C10H8,91-20-3,10,8,0,0,2,0,0,0.0,0.0,0.0,0.0,1221.56,1.23007692
"2,2-Dimethylindane",2.0,146.233,C11H14,,11,14,0,0,1,0,0,0.0,0.0,0.0,0.0,1456.23,1.30418911
"Naphthalene, 1,2,5,6-tetramethyl-",2.2,184.2768,C14H16,2131-43-3,14,16,0,0,2,0,0,0.0,0.0,0.0,0.0,1810.64,1.73491848
3-chlorothiophene,7.0,118.585,C4H3ClS,17249-80-8,4,3,0,0,0,1,1,0.0,0.0,0.0,0.0,538.13,0.39037741
Pyrene,2.3,202.2506,C16H10,129-00-0,16,10,0,0,4,0,0,0.0,0.0,0.0,0.0,1886.68,2.05408476
"Pyridine, 2-chloro-",7.0,113.545,C5H4ClN,109-09-1,5,4,0,1,0,1,0,0.0,0.0,0.0,0.0,596.34,0.44026338
Acetylene,1.7,26.0373,C2H2,74-86-2,2,2,0,0,0,0,0,0.0,0.0,0.0,0.0,261.9,0.1536483
"1,3-Pentadiene, 2-methyl-, (E)-",1.7,82.1436,C6H10,926-54-5,6,10,0,0,0,0,0,0.0,0.0,0.0,0.0,850.98,0.65848986
Ethylidenecyclobutane,1.7,82.1436,C6H10,1528-21-8,6,10,0,0,0,0,0,0.0,0.0,0.0,0.0,850.98,0.65848986
"Cyclopentene, 4-methyl-",1.7,82.1436,C6H10,1759-81-5,6,10,0,0,0,0,0,0.0,0.0,0.0,0.0,850.98,0.65848986
3-Methylenecyclopentene,,80.1277,C6H8,930-26-7,6,8,0,0,0,0,0,0.0,0.0,0.0,0.0,807.28,0.62103896
"1,5-Heptadiene, (E)-",1.7,96.1702,C7H12,7736-22-3,7,12,0,0,0,0,0,0.0,0.0,0.0,0.0,998.25,0.78470025
(Z)-3-Heptene,1.5,98.1861,C7H14,10/6/7642,7,14,0,0,0,0,0,0.0,0.0,0.0,0.0,1041.95,0.82215115
1-Ethylcyclopentene,1.7,96.1702,C7H12,2146-38-5,7,12,0,0,0,0,0,0.0,0.0,0.0,0.0,998.25,0.78470025
C8 isodiolefins,1.7,110.0,C8H14,,8,14,0,0,0,0,0,0.0,0.0,0.0,0.0,1145.52,0.91091064
"Pentalene, octahydro-, cis-",1.7,110.1968,C8H14,1755-05-1,8,14,0,0,0,0,0,0.0,0.0,0.0,0.0,1145.52,0.91091064
"Bicyclo[2.2.1]heptane, 2-methyl-, exo-",1.7,110.1968,C8H14,872-78-6,8,14,0,0,0,0,0,0.0,0.0,0.0,0.0,1145.52,0.91091064
"Cyclooctene, (Z)-",1.7,110.1968,C8H14,931-87-3,8,14,0,0,0,0,0,0.0,0.0,0.0,0.0,1145.52,0.91091064
"Cycloheptane, methyl-",1.5,112.2126,C8H16,4126-78-7,8,16,0,0,0,0,0,0.0,0.0,0.0,0.0,1189.22,0.94836154
"Bicyclo[4.1.0]heptane, 2-methyl-",1.7,110.0,C8H14,,8,14,0,0,0,0,0,0.0,0.0,0.0,0.0,1145.52,0.91091064
"Bicyclo[4.1.0]heptane, 3-methyl-",1.7,110.2,C8H14,,8,14,0,0,0,0,0,0.0,0.0,0.0,0.0,1145.52,0.91091064
"4,5-Nonadiene",1.7,124.2233,C9H16,821-74-9,9,16,0,0,0,0,0,0.0,0.0,0.0,0.0,1292.79,1.03712103
"Cyclopentane, butyl-",1.5,126.2392,C9H18,2040-95-1,9,18,0,0,0,0,0,0.0,0.0,0.0,0.0,1336.49,1.07457193
"Cyclohexane, 1-ethyl-2-methyl-, cis-",1.5,126.2392,C9H18,4923-77-7,9,18,0,0,0,0,0,0.0,0.0,0.0,0.0,1336.49,1.07457193
C10H18,1.7,114.2,C10H18,,10,18,0,0,0,0,0,0.0,0.0,0.0,0.0,1440.06,1.16333142
"Cyclohexane, 1-methyl-2-propyl-",1.5,140.2658,C10H20,4291-79-6,10,20,0,0,0,0,0,0.0,0.0,0.0,0.0,1483.76,1.20078232
"Cyclohexane, butyl-",1.5,140.2658,C10H20,1678-93-9,10,20,0,0,0,0,0,0.0,0.0,0.0,0.0,1483.76,1.20078232
C10H20 cyclic,1.5,140.26,C10H20,,10,20,0,0,0,0,0,0.0,0.0,0.0,0.0,1483.76,1.20078232
Cycloundecene(E),1.7,152.2765,C11H20,13151-60-5,11,20,0,0,0,0,0,0.0,0.0,0.0,0.0,1587.33,1.28954181
C11H20 isodiolefins,1.7,152.28,C11H20,,11,20,0,0,0,0,0,0.0,0.0,0.0,0.0,1587.33,1.28954181
"Z-1,6-Undecadiene",1.7,152.28,C11H20,,11,20,0,0,0,0,0,0.0,0.0,0.0,0.0,1587.33,1.28954181
C11H22 cyclic,1.5,154.28,C11H22,,11,22,0,0,0,0,0,0.0,0.0,0.0,0.0,1631.03,1.32699271
C12H22 isodioolefins,1.7,166.3,C12H22,,12,22,0,0,0,0,0,0.0,0.0,0.0,0.0,1734.6,1.4157522
C12H24 cyclic,1.5,168.3,C12H24,,12,24,0,0,0,0,0,0.0,0.0,0.0,0.0,1778.3,1.4532031
C12 isodiolefins,1.7,166.3,C12H22,,12,22,0,0,0,0,0,0.0,0.0,0.0,0.0,1734.6,1.4157522
C13H24 isodiolefins,1.7,180.33,C13H24,,13,24,0,0,0,0,0,0.0,0.0,0.0,0.0,1881.87,1.54196259
C13H26 cyclic,1.5,182.33,C13H26,,13,26,0,0,0,0,0,0.0,0.0,0.0,0.0,1925.57,1.57941349
C13 isodiolefins,1.7,180.33,C13H24,,13,24,0,0,0,0,0,0.0,0.0,0.0,0.0,1881.87,1.54196259
"Cyclopropane-1,1,2,2-tetracarbonitrile, 3-ethyl-3-methyl-",4.0,184.202,C10H8N4,,10,8,0,4,0,0,0,0.0,0.0,0.0,0.0,1251.4,1.0016498
"4H-1,3-Benzodioxin",3.0,136.1479,C8H8O2,254-27-3,8,8,2,0,1,0,0,0.0,0.0,0.0,0.0,918.12,0.84302884
"2H-Pyran-2-one, tetrahydro-6,6-dimethyl-",3.0,128.169,C7H12O2,2610-95-9,7,12,2,0,0,0,0,0.0,0.0,0.0,0.0,901.95,0.70217115
"Benzeneethanol, a-methyl-",3.0,136.194,C9H12O,,9,12,1,0,1,0,0,0.0,0.0,0.0,0.0,1157.24,1.04795468
"4-Octene, (E)-",1.5,112.2126,C8H16,14850-23-8,8,16,0,0,0,0,0,0.0,0.0,0.0,0.0,1189.22,0.94836154
"Octane, 4-chloro-",7.0,148.674,C8H17Cl,999-07-5,8,17,0,0,0,1,0,0.0,0.0,0.0,0.0,1183.64,0.94357948
"3-Nonene, (E)-",1.5,126.2392,C9H18,20063-92-7,9,18,0,0,0,0,0,0.0,0.0,0.0,0.0,1336.49,1.07457193
cis-3-Nonene,1.5,126.2392,C9H18,20237-46-1,9,18,0,0,0,0,0,0.0,0.0,0.0,0.0,1336.49,1.07457193
4-Chloro-3-n-hexyltetrahydropyran,7.0,204.741,C11H21ClO,,11,21,1,0,0,1,0,0.0,0.0,0.0,0.0,1533.6,1.2434952
trans-4-Decene,1.5,140.2658,C10H20,19398-89-1,10,20,0,0,0,0,0,0.0,0.0,0.0,0.0,1483.76,1.20078232
"2-Decenal, (E)-",3.0,154.2493,C10H18O,3913-81-3,10,18,1,0,0,0,0,0.0,0.0,0.0,0.0,1391.91,1.12206687
"1H-Indene, 1-hexadecyl-2,3-dihydro-",2.0,342.601,C25H42,55334-29-7,25,42,0,0,1,0,0,0.0,0.0,0.0,0.0,3518.01,3.07113457
"Propanedinitrile, (1-methylethenyl)(phenylmethyl)-",4.0,196.253,C13H12N2,,13,12,0,2,1,0,0,0.0,0.0,0.0,0.0,1634.59,1.45704363
"1H-Indene, 1-chloro-2,3-dihydro-",7.0,152.624,C9H9Cl,,9,9,0,0,1,1,0,0.0,0.0,0.0,0.0,1112.41,1.00953537
"Oxirane, ethyl-",3.0,72.107,C4H8O,,4,8,1,0,0,0,0,0.0,0.0,0.0,0.0,551.99,0.40225543
"Decane, 1-chloro-",7.0,176.727,C10H21Cl,1002-69-3,10,21,0,0,0,1,0,0.0,0.0,0.0,0.0,1478.18,1.19600026
"(2-Pent-2-enylcyclopentylideneaminooxy)acetic acid, methyl ester",3.0,224.3,C13H20O3,,13,20,3,0,0,0,0,0.0,0.0,0.0,0.0,1650.02,1.34326714
"Cyclohexane, 2-propyl-1,1,3-trimethyl-",1.5,168.324,C12H24,,12,24,0,0,0,0,0,0.0,0.0,0.0,0.0,1778.3,1.4532031
"1-Decanol, 2-ethyl-",3.0,186.3342,C12H26O,21078-65-9,12,26,1,0,0,0,0,0.0,0.0,0.0,0.0,1773.85,1.44938945
"Ether, 6-methylheptyl vinyl",3.0,156.2652,C10H20O,10573-35-0,10,20,1,0,0,0,0,0.0,0.0,0.0,0.0,1435.61,1.15951777
"3-Dodecene, (Z)-",1.5,168.319,C12H24,7239-23-8,12,24,0,0,0,0,0,0.0,0.0,0.0,0.0,1778.3,1.4532031
Phthalic anhydride,3.0,148.1156,C8H4O3,85-44-9,8,4,3,0,1,0,0,0.0,0.0,0.0,0.0,782.57,0.72686249
Tetrdecene,,206.458,C14H38,,14,38,0,0,0,0,0,0.0,0.0,0.0,0.0,2291.34,1.89287838
"Nonane, 1-chloro-",7.0,162.7,C9H19Cl,2473-01-0,9,19,0,0,0,1,0,0.0,0.0,0.0,0.0,1330.91,1.06978987
"Pentanoic acid, 2,2,4-trimethyl-3-carboxyisopropyl, isobutyl ester",3.0,286.407,C16H30O4,,16,30,4,0,0,0,0,0.0,0.0,0.0,0.0,2131.08,1.75553556
"Benzoic acid, undecyl ester",3.0,276.4137,C18H28O2,6316-30-9,18,28,2,0,1,0,0,0.0,0.0,0.0,0.0,2390.82,2.10513274
Diamyl phthalate,3.0,306.3966,C18H26O4,131-18-0,18,26,4,0,1,0,0,0.0,0.0,0.0,0.0,2250.82,1.98515274
"Phthalic acid, heptyl undecyl ester",3.0,418.618,C26H42O4,,26,42,4,0,1,0,0,0.0,0.0,0.0,0.0,3428.98,2.99483586
"1,2-Cyclohexanedicarboxylic acid, 2-methylpent-3-yl nonyl ester",3.0,382.5772,C23H42O4,,23,42,4,0,0,0,0,0.0,0.0,0.0,0.0,3118.27,2.60155739
"1,2-Cyclohexanedicarboxylic acid, dinonyl ester",3.0,424.6569,C26H48O4,,26,48,4,0,0,0,0,0.0,0.0,0.0,0.0,3560.08,2.98018856
"Bis-(3,5,5-trimethylhexyl) phthalate",3.0,418.6093,C26H42O4,14103-61-8,26,42,4,0,1,0,0,0.0,0.0,0.0,0.0,3428.98,2.99483586
Didecyl phthalate,3.0,446.6624,C28H46O4,84-77-5,28,46,4,0,1,0,0,0.0,0.0,0.0,0.0,3723.52,3.24725664
"Carbonic acid, eicosyl vinyl ester",3.0,368.5937,C23H44O3,,23,44,3,0,0,0,0,0.0,0.0,0.0,0.0,3210.12,2.68027284
"3,6-Octadecadiynoic acid, methyl ester",3.0,294.479,C19H34O2,,19,34,2,0,0,0,0,0.0,0.0,0.0,0.0,2625.49,2.17924493
dop,3.0,390.5561,C24H38O4,,24,38,4,0,1,0,0,0.0,0.0,0.0,0.0,3134.44,2.74241508
Hexene,7.0,118.605,C6H11Cl,,6,11,0,0,0,1,0,0.0,0.0,0.0,0.0,845.4,0.6537078
C6H12 iso-olefins,1.5,84.162,C6H12,,6,12,0,0,0,0,0,0.0,0.0,0.0,0.0,894.68,0.69594076
C7H14 iso-olefins,1.5,98.189,C7H14,,7,14,0,0,0,0,0,0.0,0.0,0.0,0.0,1041.95,0.82215115
C8H16 iso-olefins,1.5,112.216,C8H16,,8,16,0,0,0,0,0,0.0,0.0,0.0,0.0,1189.22,0.94836154
C9H18 iso-olefins,1.5,126.243,C9H18,,9,18,0,0,0,0,0,0.0,0.0,0.0,0.0,1336.49,1.07457193
C10H22 iso-paraffin,0.9,142.286,C10H22,,10,22,0,0,0,0,0,0.0,0.0,0.0,0.0,1527.46,1.23823322
C11H24,0.9,156.3083,C11H24,,11,24,0,0,0,0,0,0.0,0.0,0.0,0.0,1674.73,1.36444361
"Benzene, 2-ethenyl-1,3,5-trimethyl-",2.0,146.2289,C11H14,,11,14,0,0,1,0,0,0.0,0.0,0.0,0.0,1456.23,1.30418911
C12H26,0.9,170.34,C12H26,,12,26,0,0,0,0,0,0.0,0.0,0.0,0.0,1822.0,1.490654
"Benzene, 1-methyl-2-(1-ethylpropyl)-",2.0,162.2713,C12H18,,12,18,0,0,1,0,0,0.0,0.0,0.0,0.0,1647.2,1.4678504
"Benzene, 1,4-dipropyl-",2.0,162.2713,C12H18,,12,18,0,0,1,0,0,0.0,0.0,0.0,0.0,1647.2,1.4678504
"1H-Indene, 2,3-dimethyl-",2.0,144.213,C11H12,,11,12,0,0,1,0,0,0.0,0.0,0.0,0.0,1412.53,1.26673821
C13H28,0.9,184.367,C13H28,,13,28,0,0,0,0,0,0.0,0.0,0.0,0.0,1969.27,1.61686439
1-Methyl-2-n-hexylbenzene,2.0,176.2979,C13H20,,13,20,0,0,1,0,0,0.0,0.0,0.0,0.0,1794.47,1.59406079
C14H30 iso-paraffin,0.9,198.394,C14H30,,14,30,0,0,0,0,0,0.0,0.0,0.0,0.0,2116.54,1.74307478
C15H32 iso-paraffin,0.9,212.421,C15H32,,15,32,0,0,0,0,0,0.0,0.0,0.0,0.0,2263.81,1.86928517
C17H36 iso-paraffin,0.9,240.475,C17H36,,17,36,0,0,0,0,0,0.0,0.0,0.0,0.0,2558.35,2.12170595
"Oxybis(propane-1,2-diyl) dibenzoate",3.0,342.391,C20H22O5,,20,22,5,0,2,0,0,0.0,0.0,0.0,0.0,2322.41,2.17350537
2-Methyl-6-hepten-3-ol,3.0,128.212,C8H16O,,8,16,1,0,0,0,0,0.0,0.0,0.0,0.0,1141.07,0.90709699
"2-Octen-1-ol, (Z)-",3.0,128.212,C8H16O,,8,16,1,0,0,0,0,0.0,0.0,0.0,0.0,1141.07,0.90709699
C5H10 iso-olefins,1.5,70.13499999999999,C5H10,,5,10,0,0,0,0,0,0.0,0.0,0.0,0.0,747.4099999999999,0.5697303699999999
"Hexanoic acid, 2-ethyl-",3.0,144.2114,C8H16O2,,8,16,2,0,0,0,0,0.0,0.0,0.0,0.0,1092.9199999999998,0.8658324399999999
"2-Butene, (E)-",1.5,56.1063,C4H8,,4,8,0,0,0,0,0,0.0,0.0,0.0,0.0,600.14,0.44351998
"1H-Indene, 2,3,4,7-tetrahydro-",,120.1916,C9H12,,9,12,0,0,0,0,0,0.0,0.0,0.0,0.0,1205.39,0.96221923
"Benzene, 1-ethynyl-4-methyl-",2.0,116.1598,C9H8,,9,8,0,0,1,0,0,0.0,0.0,0.0,0.0,1117.9899999999998,1.0143174299999995
"Cyclohexane, 1,3-butadienylidene-",,134.22199999999998,C10H14,,10,14,0,0,0,0,0,0.0,0.0,0.0,0.0,1352.66,1.08842962
"Benzene, 1-methyl-2-propyl-",2.0,134.2182,C10H14,,10,14,0,0,1,0,0,0.0,0.0,0.0,0.0,1352.66,1.21542962
"Benzene, 1-methyl-4-(2-propenyl)-",2.0,132.2023,C10H12,,10,12,0,0,1,0,0,0.0,0.0,0.0,0.0,1308.9599999999998,1.1779787199999998
"Benzene, 1-methyl-3-(1-methyl-2-propenyl)-",2.0,146.23299999999998,C11H14,,11,14,0,0,1,0,0,0.0,0.0,0.0,0.0,1456.23,1.30418911
"Benzene, (3-methyl-2-butenyl)-",2.0,146.2289,C11H14,,11,14,0,0,1,0,0,0.0,0.0,0.0,0.0,1456.23,1.30418911
"Oct-3-ene-1,5-diyne, 3-t-butyl-7,7-dimethyl-",,188.314,C14H20,,14,20,0,0,0,0,0,0.0,0.0,0.0,0.0,1898.04,1.55582028
"Cyclohexene, 1-phenyl-",2.0,158.2396,C12H14,,12,14,0,0,1,0,0,0.0,0.0,0.0,0.0,1559.8,1.3929486
"Naphthalene, 1,2-dihydro-1,5,8-trimethyl-",2.0,172.2661,C13H16,,13,16,0,0,1,0,0,0.0,0.0,0.0,0.0,1707.0699999999997,1.5191589899999998
"Naphthalene, 1,4-dihydro-2,5,8-trimethyl-",2.0,172.27100000000002,C13H16,,13,16,0,0,1,0,0,0.0,0.0,0.0,0.0,1707.0699999999997,1.5191589899999998
3-(2-Methyl-propenyl)-1H-indene,2.0,170.255,C13H14,,13,14,0,0,1,0,0,0.0,0.0,0.0,0.0,1663.37,1.48170809
"Cyclobutene, 2-propenylidene-",0.0,92.141,C7H8,,7,8,0,0,0,0,0,0.0,0.0,0.0,0.0,910.85,0.70979845
"2-Hexene, 5,5-dimethyl-, (Z)-",1.5,112.2126,C8H16,,8,16,0,0,0,0,0,0.0,0.0,0.0,0.0,1189.2199999999998,0.9483615399999998
"Z-3,4,4-Trimethyl-2-pentene",1.5,112.2126,C8H16,,8,16,0,0,0,0,0,0.0,0.0,0.0,0.0,1189.2199999999998,0.9483615399999998
"2-Heptene, 3-methyl-",1.5,112.2126,C8H16,,8,16,0,0,0,0,0,0.0,0.0,0.0,0.0,1189.2199999999998,0.9483615399999998
iso-Nonene,1.5,126.243,C9H18,,9,18,0,0,0,0,0,0.0,0.0,0.0,0.0,1336.4899999999998,1.0745719299999998
iso-Decene,1.5,140.26999999999998,C10H20,,10,20,0,0,0,0,0,0.0,0.0,0.0,0.0,1483.7599999999998,1.2007823199999998
2-Methyl-1-nonene,1.5,140.2658,C10H20,,10,20,0,0,0,0,0,0.0,0.0,0.0,0.0,1483.7599999999998,1.2007823199999998
"5-Decene, (E)-",1.5,140.2658,C10H20,,10,20,0,0,0,0,0,0.0,0.0,0.0,0.0,1483.7599999999998,1.2007823199999998
"1-Octanol, 3,7-dimethyl-",3.0,158.2811,C10H22O,,10,22,1,0,0,0,0,0.0,0.0,0.0,0.0,1479.3099999999995,1.1969686699999995
Benzophenone,3.0,182.2179,C13H10O,,13,10,1,0,2,0,0,0.0,0.0,0.0,0.0,1527.8199999999997,1.4925417399999998
Diisononyl phthalate,3.0,418.6093,C26H42O4,,26,42,4,0,1,0,0,0.0,0.0,0.0,0.0,3428.98,2.99483586
"1-Hexene, 4-methyl-",1.5,98.1861,C7H14,,7,14,0,0,0,0,0,0.0,0.0,0.0,0.0,1041.95,0.82215115
"3,4-Heptadiene",1.7,96.1702,C7H12,,7,12,0,0,0,0,0,0.0,0.0,0.0,0.0,998.25,0.78470025
"1-Hexene, 3,5-dimethyl-",1.5,112.2126,C8H16,,8,16,0,0,0,0,0,0.0,0.0,0.0,0.0,1189.2199999999998,0.9483615399999998
"Pentane, 2-cyclopropyl- ",1.5,112.216,C8H16,,8,16,0,0,0,0,0,0.0,0.0,0.0,0.0,1189.2199999999998,0.9483615399999998
"1-Octene, 3-methyl-",1.5,126.2392,C9H18,,9,18,0,0,0,0,0,0.0,0.0,0.0,0.0,1336.4899999999998,1.0745719299999998
1-Octyn-3-ol,3.0,126.1962,C8H14O,,8,14,1,0,0,0,0,0.0,0.0,0.0,0.0,1097.37,0.8696460899999999
"Hexanal, 2-ethyl-",3.0,128.212,C8H16O,,8,16,1,0,0,0,0,0.0,0.0,0.0,0.0,1141.0699999999997,0.9070969899999998
"Benzene, 1-ethyl-3-methyl- ",2.0,120.195,C9H12,,9,12,0,0,1,0,0,0.0,0.0,0.0,0.0,1205.39,1.08921923
"1,3-Cyclopentadiene, 5-(1-methylpropylidene)-",,120.195,C9H12,,9,12,0,0,0,0,0,0.0,0.0,0.0,0.0,1205.39,0.96221923
Nonanol,3.0,144.2545,C9H20O,,9,20,1,0,0,0,0,0.0,0.0,0.0,0.0,1332.0399999999995,1.0707582799999995
"Benzene, 2-ethenyl-1,4-dimethyl-",2.0,132.2023,C10H12,,10,12,0,0,1,0,0,0.0,0.0,0.0,0.0,1308.9599999999998,1.1779787199999998
"1,2-Benzenedicarboxylic acid, butyl octyl ester",3.0,334.4498,C20H30O4,,20,30,4,0,1,0,0,0.0,0.0,0.0,0.0,2545.36,2.23757352
Octan-2-yl palmitate,3.0,368.6367,C24H48O2,,24,48,2,0,0,0,0,0.0,0.0,0.0,0.0,3449.24,2.88519868
2-Ethylhexyl stearate,3.0,396.6899,C26H52O2,,26,52,2,0,0,0,0,0.0,0.0,0.0,0.0,3743.78,3.13761946
"1-Butene, 3-chloro-2-methyl-",7.0,104.578,C5H9Cl,,5,9,0,0,0,1,0,0.0,0.0,0.0,0.0,698.1299999999999,0.5274974099999999
"Cyclohexane, chloro-",7.0,118.605,C6H11Cl,,6,11,0,0,0,1,0,0.0,0.0,0.0,0.0,845.4,0.6537078000000001
"Benzene, 1-ethenyl-4-ethyl-",2.0,132.2023,C10H12,,10,12,0,0,1,0,0,0.0,0.0,0.0,0.0,1308.9599999999998,1.1779787199999998
C12 MAH,2.0,162.276,C12H18,,12,18,0,0,1,0,0,0.0,0.0,0.0,0.0,1647.1999999999998,1.4678504
C13 MAH,2.0,176.303,C13H20,,13,20,0,0,1,0,0,0.0,0.0,0.0,0.0,1794.4699999999998,1.59406079
9-Hexadecenoic acid,3.0,254.4082,C16H30O2,,16,30,2,0,0,0,0,0.0,0.0,0.0,0.0,2227.38,1.83806466
MAH-C6,2.0,78.066,C6H6,,6,6,0,0,1,0,0,0.0,0.0,0.0,0.0,764.12,0.71085084
MAH-C7,2.0,92.077,C7H8,,7,8,0,0,1,0,0,0.0,0.0,0.0,0.0,911.39,0.83706123
MAH-C8,2.0,106.088,C8H10,,8,10,0,0,1,0,0,0.0,0.0,0.0,0.0,1058.66,0.96327162
MAH-C9,2.0,120.099,C9H12,,9,12,0,0,1,0,0,0.0,0.0,0.0,0.0,1205.93,1.08948201
MAH-C10,2.0,134.11,C10H14,,10,14,0,0,1,0,0,0.0,0.0,0.0,0.0,1353.2,1.2156924
MAH-C11,2.0,148.121,C11H16,,11,16,0,0,1,0,0,0.0,0.0,0.0,0.0,1500.47,1.34190279
MAH-C12,2.0,162.132,C12H18,,12,18,0,0,1,0,0,0.0,0.0,0.0,0.0,1647.74,1.46811318
MAH-C13,2.0,176.143,C13H20,,13,20,0,0,1,0,0,0.0,0.0,0.0,0.0,1795.01,1.59432357
MAH-C14,2.0,190.154,C14H22,,14,22,0,0,1,0,0,0.0,0.0,0.0,0.0,1942.28,1.72053396
MAH-C15,2.0,204.165,C15H24,,15,24,0,0,1,0,0,0.0,0.0,0.0,0.0,2089.55,1.84674435
MAH-C16,2.0,218.176,C16H26,,16,26,0,0,1,0,0,0.0,0.0,0.0,0.0,2236.82,1.97295474
MAH-C17,2.0,232.187,C17H28,,17,28,0,0,1,0,0,0.0,0.0,0.0,0.0,2384.09,2.09916513
MAH-C18,2.0,246.198,C18H30,,18,30,0,0,1,0,0,0.0,0.0,0.0,0.0,2531.36,2.22537552
MAH-C19,2.0,260.209,C19H32,,19,32,0,0,1,0,0,0.0,0.0,0.0,0.0,2678.63,2.35158591
MAH-C20,2.0,274.22,C20H34,,20,34,0,0,1,0,0,0.0,0.0,0.0,0.0,2825.9,2.4777963
MAH-C21,2.0,288.231,C21H36,,21,36,0,0,1,0,0,0.0,0.0,0.0,0.0,2973.17,2.60400669
MAH-C22,2.0,302.242,C22H38,,22,38,0,0,1,0,0,0.0,0.0,0.0,0.0,3120.44,2.73021708
MAH-C23,2.0,316.253,C23H40,,23,40,0,0,1,0,0,0.0,0.0,0.0,0.0,3267.71,2.85642747
MAH-C24,2.0,330.264,C24H42,,24,42,0,0,1,0,0,0.0,0.0,0.0,0.0,3414.98,2.98263786
MAH-C25,2.0,344.275,C25H44,,25,44,0,0,0,0,0,0.0,0.0,0.0,0.0,3562.25,2.98184825
i-C6,0.9,86.066,C6H14,,6,14,0,0,0,0,0,0.0,0.0,0.0,0.0,938.92,0.73365444
i-C7,0.9,100.077,C7H16,,7,16,0,0,0,0,0,0.0,0.0,0.0,0.0,1086.19,0.85986483
i-C8,0.9,114.088,C8H18,,8,18,0,0,0,0,0,0.0,0.0,0.0,0.0,1233.46,0.98607522
i-C9,0.9,128.099,C9H20,,9,20,0,0,0,0,0,0.0,0.0,0.0,0.0,1380.73,1.11228561
i-C10,0.9,142.11,C10H22,,10,22,0,0,0,0,0,0.0,0.0,0.0,0.0,1528.0,1.238496
i-C11,0.9,156.121,C11H24,,11,24,0,0,0,0,0,0.0,0.0,0.0,0.0,1675.27,1.36470639
i-C12,0.9,170.132,C12H26,,12,26,0,0,0,0,0,0.0,0.0,0.0,0.0,1822.54,1.49091678
i-C13,0.9,184.143,C13H28,,13,28,0,0,0,0,0,0.0,0.0,0.0,0.0,1969.81,1.61712717
i-C14,0.9,198.154,C14H30,,14,30,0,0,0,0,0,0.0,0.0,0.0,0.0,2117.08,1.74333756
i-C15,0.9,212.165,C15H32,,15,32,0,0,0,0,0,0.0,0.0,0.0,0.0,2264.35,1.86954795
i-C16,0.9,226.176,C16H34,,16,34,0,0,0,0,0,0.0,0.0,0.0,0.0,2411.62,1.99575834
i-C17,0.9,240.187,C17H36,,17,36,0,0,0,0,0,0.0,0.0,0.0,0.0,2558.89,2.12196873
i-C18,0.9,254.198,C18H38,,18,38,0,0,0,0,0,0.0,0.0,0.0,0.0,2706.16,2.24817912
i-C19,0.9,268.209,C19H40,,19,40,0,0,0,0,0,0.0,0.0,0.0,0.0,2853.43,2.37438951
i-C20,0.9,282.22,C20H42,,20,42,0,0,0,0,0,0.0,0.0,0.0,0.0,3000.7,2.5005999
i-C21,0.9,296.231,C21H44,,21,44,0,0,0,0,0,0.0,0.0,0.0,0.0,3147.97,2.62681029
i-C22,0.9,310.242,C22H46,,22,46,0,0,0,0,0,0.0,0.0,0.0,0.0,3295.24,2.75302068
i-C23,0.9,324.253,C23H48,,23,48,0,0,0,0,0,0.0,0.0,0.0,0.0,3442.51,2.87923107
i-C24,0.9,338.264,C24H50,,24,50,0,0,0,0,0,0.0,0.0,0.0,0.0,3589.78,3.00544146
i-C25,0.9,352.275,C25H52,,25,52,0,0,0,0,0,0.0,0.0,0.0,0.0,3737.05,3.13165185
i-C26,0.9,366.286,C26H54,,26,54,0,0,0,0,0,0.0,0.0,0.0,0.0,3884.32,3.25786224
i-C27,0.9,380.297,C27H56,,27,56,0,0,0,0,0,0.0,0.0,0.0,0.0,4031.59,3.38407263
i-C28,0.9,394.308,C28H58,,28,58,0,0,0,0,0,0.0,0.0,0.0,0.0,4178.86,3.51028302
i-C29,0.9,408.319,C29H60,,29,60,0,0,0,0,0,0.0,0.0,0.0,0.0,4326.13,3.63649341
i-C30,0.9,422.33,C30H62,,30,62,0,0,0,0,0,0.0,0.0,0.0,0.0,4473.4,3.7627038
i-C31,0.9,436.341,C31H64,,31,64,0,0,0,0,0,0.0,0.0,0.0,0.0,4620.67,3.88891419
i-C32,0.9,450.352,C32H66,,32,66,0,0,0,0,0,0.0,0.0,0.0,0.0,4767.94,4.01512458
i-C33,0.9,464.363,C33H68,,33,68,0,0,0,0,0,0.0,0.0,0.0,0.0,4915.21,4.14133497
i-C34,0.9,478.374,C34H70,,34,70,0,0,0,0,0,0.0,0.0,0.0,0.0,5062.48,4.26754536
i-C35,0.9,492.385,C35H72,,35,72,0,0,0,0,0,0.0,0.0,0.0,0.0,5209.75,4.39375575
i-C36,0.9,506.396,C36H74,,36,74,0,0,0,0,0,0.0,0.0,0.0,0.0,5357.02,4.51996614
i-C37,0.9,520.407,C37H76,,37,76,0,0,0,0,0,0.0,0.0,0.0,0.0,5504.29,4.64617653
mN-C6,1.1,84.066,C6H12,,6,12,0,0,0,0,0,0.0,0.0,0.0,0.0,895.22,0.69620354
mN-C7,1.1,98.077,C7H14,,7,14,0,0,0,0,0,0.0,0.0,0.0,0.0,1042.49,0.82241393
mN-C8,1.1,112.088,C8H16,,8,16,0,0,0,0,0,0.0,0.0,0.0,0.0,1189.76,0.94862432
mN-C9,1.1,126.099,C9H18,,9,18,0,0,0,0,0,0.0,0.0,0.0,0.0,1337.03,1.07483471
mN-C10,1.1,140.11,C10H20,,10,20,0,0,0,0,0,0.0,0.0,0.0,0.0,1484.3,1.2010451
mN-C11,1.1,154.121,C11H22,,11,22,0,0,0,0,0,0.0,0.0,0.0,0.0,1631.57,1.32725549
mN-C12,1.1,168.132,C12H24,,12,24,0,0,0,0,0,0.0,0.0,0.0,0.0,1778.84,1.45346588
mN-C13,1.1,182.143,C13H26,,13,26,0,0,0,0,0,0.0,0.0,0.0,0.0,1926.11,1.57967627
mN-C14,1.1,196.154,C14H28,,14,28,0,0,0,0,0,0.0,0.0,0.0,0.0,2073.38,1.70588666
mN-C15,1.1,210.165,C15H30,,15,30,0,0,0,0,0,0.0,0.0,0.0,0.0,2220.65,1.83209705
mN-C16,1.1,224.176,C16H32,,16,32,0,0,0,0,0,0.0,0.0,0.0,0.0,2367.92,1.95830744
mN-C17,1.1,238.187,C17H34,,17,34,0,0,0,0,0,0.0,0.0,0.0,0.0,2515.19,2.08451783
mN-C18,1.1,252.198,C18H36,,18,36,0,0,0,0,0,0.0,0.0,0.0,0.0,2662.46,2.21072822
mN-C19,1.1,266.209,C19H38,,19,38,0,0,0,0,0,0.0,0.0,0.0,0.0,2809.73,2.33693861
mN-C20,1.1,280.22,C20H40,,20,40,0,0,0,0,0,0.0,0.0,0.0,0.0,2957.0,2.463149
mN-C21,1.1,294.231,C21H42,,21,42,0,0,0,0,0,0.0,0.0,0.0,0.0,3104.27,2.58935939
mN-C22,1.1,308.242,C22H44,,22,44,0,0,0,0,0,0.0,0.0,0.0,0.0,3251.54,2.71556978
mN-C23,1.1,322.253,C23H46,,23,46,0,0,0,0,0,0.0,0.0,0.0,0.0,3398.81,2.84178017
mN-C24,1.1,336.264,C24H48,,24,48,0,0,0,0,0,0.0,0.0,0.0,0.0,3546.08,2.96799056
mN-C25,1.1,350.275,C25H50,,25,50,0,0,0,0,0,0.0,0.0,0.0,0.0,3693.35,3.09420095
mN-C26,1.1,364.286,C26H52,,26,52,0,0,0,0,0,0.0,0.0,0.0,0.0,3840.62,3.22041134
mN-C27,1.1,378.297,C27H54,,27,54,0,0,0,0,0,0.0,0.0,0.0,0.0,3987.89,3.34662173
mN-C28,1.1,392.308,C28H56,,28,56,0,0,0,0,0,0.0,0.0,0.0,0.0,4135.16,3.47283212
mN-C29,1.1,406.319,C29H58,,29,58,0,0,0,0,0,0.0,0.0,0.0,0.0,4282.43,3.59904251
mN-C30,1.1,420.33,C30H60,,30,60,0,0,0,0,0,0.0,0.0,0.0,0.0,4429.7,3.7252529
mN-C31,1.1,434.341,C31H62,,31,62,0,0,0,0,0,0.0,0.0,0.0,0.0,4576.97,3.85146329
mN-C32,1.1,448.352,C32H64,,32,64,0,0,0,0,0,0.0,0.0,0.0,0.0,4724.24,3.97767368
mN-C33,1.1,462.363,C33H66,,33,66,0,0,0,0,0,0.0,0.0,0.0,0.0,4871.51,4.10388407
mN-C34,1.1,476.374,C34H68,,34,68,0,0,0,0,0,0.0,0.0,0.0,0.0,5018.78,4.23009446
mN-C35,1.1,490.385,C35H70,,35,70,0,0,0,0,0,0.0,0.0,0.0,0.0,5166.05,4.35630485
mN-C36,1.1,504.396,C36H72,,36,72,0,0,0,0,0,0.0,0.0,0.0,0.0,5313.32,4.48251524
dN-C8,1.11,110.088,C8H14,,8,14,0,0,0,0,0,0.0,0.0,0.0,0.0,1146.06,0.91117342
dN-C9,1.11,124.099,C9H16,,9,16,0,0,0,0,0,0.0,0.0,0.0,0.0,1293.33,1.03738381
dN-C10,1.11,138.11,C10H18,,10,18,0,0,0,0,0,0.0,0.0,0.0,0.0,1440.6,1.1635942
dN-C11,1.11,152.121,C11H20,,11,20,0,0,0,0,0,0.0,0.0,0.0,0.0,1587.87,1.28980459
dN-C12,1.11,166.132,C12H22,,12,22,0,0,0,0,0,0.0,0.0,0.0,0.0,1735.14,1.41601498
dN-C13,1.11,180.143,C13H24,,13,24,0,0,0,0,0,0.0,0.0,0.0,0.0,1882.41,1.54222537
dN-C14,1.11,194.154,C14H26,,14,26,0,0,0,0,0,0.0,0.0,0.0,0.0,2029.68,1.66843576
dN-C15,1.11,208.165,C15H28,,15,28,0,0,0,0,0,0.0,0.0,0.0,0.0,2176.95,1.79464615
dN-C16,1.11,222.176,C16H30,,16,30,0,0,0,0,0,0.0,0.0,0.0,0.0,2324.22,1.92085654
dN-C17,1.11,236.187,C17H32,,17,32,0,0,0,0,0,0.0,0.0,0.0,0.0,2471.49,2.04706693
dN-C18,1.11,250.198,C18H34,,18,34,0,0,0,0,0,0.0,0.0,0.0,0.0,2618.76,2.17327732
dN-C19,1.11,264.209,C19H36,,19,36,0,0,0,0,0,0.0,0.0,0.0,0.0,2766.03,2.29948771
dN-C20,1.11,278.22,C20H38,,20,38,0,0,0,0,0,0.0,0.0,0.0,0.0,2913.3,2.4256981
dN-C21,1.11,292.231,C21H40,,21,40,0,0,0,0,0,0.0,0.0,0.0,0.0,3060.57,2.55190849
dN-C22,1.11,306.242,C22H42,,22,42,0,0,1,0,0,0.0,0.0,0.0,0.0,3207.84,2.80511888
NaMAH-C9,1.12,118.099,C9H10,,9,10,0,0,1,0,0,0.0,0.0,0.0,0.0,1162.23,1.05203111
NaMAH-C10,1.12,132.11,C10H12,,10,12,0,0,1,0,0,0.0,0.0,0.0,0.0,1309.5,1.1782415
NaMAH-C11,1.12,146.121,C11H14,,11,14,0,0,1,0,0,0.0,0.0,0.0,0.0,1456.77,1.30445189
NaMAH-C12,1.12,160.132,C12H16,,12,16,0,0,1,0,0,0.0,0.0,0.0,0.0,1604.04,1.43066228
NaMAH-C13,1.12,174.143,C13H18,,13,18,0,0,1,0,0,0.0,0.0,0.0,0.0,1751.31,1.55687267
NaMAH-C14,1.12,188.154,C14H20,,14,20,0,0,1,0,0,0.0,0.0,0.0,0.0,1898.58,1.68308306
NaMAH-C15,1.12,202.165,C15H22,,15,22,0,0,1,0,0,0.0,0.0,0.0,0.0,2045.85,1.80929345
NaMAH-C16,1.12,216.176,C16H24,,16,24,0,0,1,0,0,0.0,0.0,0.0,0.0,2193.12,1.93550384
NaMAH-C17,1.12,230.187,C17H26,,17,26,0,0,1,0,0,0.0,0.0,0.0,0.0,2340.39,2.06171423
NaMAH-C18,1.12,244.198,C18H28,,18,28,0,0,1,0,0,0.0,0.0,0.0,0.0,2487.66,2.18792462
NaMAH-C19,1.12,258.209,C19H30,,19,30,0,0,1,0,0,0.0,0.0,0.0,0.0,2634.93,2.31413501
NaMAH-C20,1.12,272.22,C20H32,,20,32,0,0,1,0,0,0.0,0.0,0.0,0.0,2782.2,2.4403454
DAH-C11,2.2,142.121,C11H10,,11,10,0,0,2,0,0,0.0,0.0,0.0,0.0,1369.37,1.35655009
DAH-C12,2.2,156.132,C12H12,,12,12,0,0,2,0,0,0.0,0.0,0.0,0.0,1516.64,1.48276048
DAH-C13,2.2,170.143,C13H14,,13,14,0,0,2,0,0,0.0,0.0,0.0,0.0,1663.91,1.60897087
DAH-C14,2.2,184.154,C14H16,,14,16,0,0,2,0,0,0.0,0.0,0.0,0.0,1811.18,1.73518126
DAH-C15,2.2,198.165,C15H18,,15,18,0,0,2,0,0,0.0,0.0,0.0,0.0,1958.45,1.86139165
DAH-C16,2.2,212.176,C16H20,,16,20,0,0,2,0,0,0.0,0.0,0.0,0.0,2105.72,1.98760204
n-Heptane,1.0,100.077,C7H16,,7,16,0,0,0,0,0,0.0,0.0,0.0,0.0,1085.65,0.8596020500000001
n-Octane,1.0,114.088,C8H18,,8,18,0,0,0,0,0,0.0,0.0,0.0,0.0,1232.9199999999998,0.98581244
Xylene,2.0,106.088,C8H10,,8,10,0,0,1,0,0,0.0,0.0,0.0,0.0,1156.11,1.04698627
n-Nonane,1.0,128.099,C9H20,,9,20,0,0,0,0,0,0.0,0.0,0.0,0.0,1380.1899999999998,1.11202283
n-Decane,1.0,142.11,C10H22,,10,22,0,0,0,0,0,0.0,0.0,0.0,0.0,1527.4599999999998,1.23823322
n-Undecane,1.0,156.121,C11H24,,11,24,0,0,0,0,0,0.0,0.0,0.0,0.0,1674.73,1.36444361
n-Dodecane,1.0,170.132,C12H26,,12,26,0,0,0,0,0,0.0,0.0,0.0,0.0,1822.0,1.490654
n-Tridecane,1.0,198.154,C14H30,,14,30,0,0,0,0,0,0.0,0.0,0.0,0.0,2116.54,1.74307478
n-Tetradecane,1.0,198.154,C14H30,,14,30,0,0,0,0,0,0.0,0.0,0.0,0.0,2116.54,1.74307478
n-Pentadecane,1.0,212.165,C15H32,,15,32,0,0,0,0,0,0.0,0.0,0.0,0.0,2263.81,1.86928517
n-Hexadecane,1.0,225.176,C16H34,,16,33,0,0,0,0,0,0.0,0.0,0.0,0.0,2340.17,1.9347256900000005
n-Heptadecane,1.0,240.187,C17H36,,17,36,0,0,0,0,0,0.0,0.0,0.0,0.0,2558.35,2.12170595
n-Octadecane,1.0,254.198,C18H38,,18,38,0,0,0,0,0,0.0,0.0,0.0,0.0,2705.62,2.24791634
n-Nonadecane,1.0,268.209,C19H40,,19,40,0,0,0,0,0,0.0,0.0,0.0,0.0,2852.89,2.3741267299999995
n-C20H42,1.0,282.556,C20H42,,20,42,0,0,0,0,0,0.0,0.0,0.0,0.0,3000.16,2.50033712
n-C21H44,1.0,296.583,C21H44,,21,44,0,0,0,0,0,0.0,0.0,0.0,0.0,3147.43,2.6265475099999995
n-C22H46,1.0,310.61,C22H46,,22,46,0,0,0,0,0,0.0,0.0,0.0,0.0,3294.7,2.7527579
n-C23H48,1.0,324.637,C23H48,,23,48,0,0,0,0,0,0.0,0.0,0.0,0.0,3441.97,2.8789682899999995
n-C24H50,1.0,338.664,C24H50,,24,50,0,0,0,0,0,0.0,0.0,0.0,0.0,3589.24,3.00517868
n-C25H52,1.0,352.691,C25H52,,25,52,0,0,0,0,0,0.0,0.0,0.0,0.0,3736.51,3.13138907
n-C26H54,1.0,366.718,C26H54,,26,54,0,0,0,0,0,0.0,0.0,0.0,0.0,3883.78,3.25759946
n-C27H56,1.0,380.745,C27H56,,27,56,0,0,0,0,0,0.0,0.0,0.0,0.0,4031.05,3.38380985
n-C28H58,1.0,394.772,C28H58,,28,58,0,0,0,0,0,0.0,0.0,0.0,0.0,4178.32,3.51002024
n-C29H60,1.0,408.799,C29H60,,29,60,0,0,0,0,0,0.0,0.0,0.0,0.0,4325.59,3.63623063
n-C30H62,1.0,422.826,C30H62,,30,62,0,0,0,0,0,0.0,0.0,0.0,0.0,4472.86,3.76244102
n-C31H64,1.0,436.853,C31H64,,31,64,0,0,0,0,0,0.0,0.0,0.0,0.0,4620.129999999999,3.888651409999999
n-C32H66,1.0,450.88,C32H66,,32,66,0,0,0,0,0,0.0,0.0,0.0,0.0,4767.4,4.014861799999999
n-C33H68,1.0,464.907,C33H68,,33,68,0,0,0,0,0,0.0,0.0,0.0,0.0,4914.67,4.14107219
n-C34H70,1.0,478.934,C34H70,,34,70,0,0,0,0,0,0.0,0.0,0.0,0.0,5061.94,4.26728258
n-C35H72,1.0,492.961,C35H72,,35,72,0,0,0,0,0,0.0,0.0,0.0,0.0,5209.21,4.39349297
n-C36H74,1.0,506.988,C36H74,,36,74,0,0,0,0,0,0.0,0.0,0.0,0.0,5356.48,4.519703359999999
n-C37H76,1.0,521.015,C37H76,,37,76,0,0,0,0,0,0.0,0.0,0.0,0.0,5503.75,4.64591375
n-C38H78,1.0,535.0419999999999,C38H78,,38,78,0,0,0,0,0,0.0,0.0,0.0,0.0,5651.02,4.77212414
n-C39H80,1.0,549.069,C39H80,,39,80,0,0,0,0,0,0.0,0.0,0.0,0.0,5798.289999999999,4.898334529999999
n-C40H82,1.0,563.096,C40H82,,40,82,0,0,0,0,0,0.0,0.0,0.0,0.0,5945.56,5.024544919999999
n-C41H84,1.0,577.1229999999999,C41H84,,41,84,0,0,0,0,0,0.0,0.0,0.0,0.0,6092.83,5.15075531
n-C42H86,1.0,591.15,C42H86,,42,86,0,0,0,0,0,0.0,0.0,0.0,0.0,6240.1,5.2769657
n-C43H88,1.0,605.1769999999999,C43H88,,43,88,0,0,0,0,0,0.0,0.0,0.0,0.0,6387.37,5.40317609
n-C44H90,1.0,619.204,C44H90,,44,90,0,0,0,0,0,0.0,0.0,0.0,0.0,6534.64,5.52938648
n-C45H92,1.0,633.231,C45H92,,45,92,0,0,0,0,0,0.0,0.0,0.0,0.0,6681.91,5.65559687
